essay_id,fold_k_5_seed_42,fold_k_5_seed_2020
00066EA9880D,2,3
000E6DE9E817,2,1
0016926B079C,3,3
00203C45FC55,3,2
0029F4D19C3F,3,2
0045BE2791A2,3,3
004AC288D833,3,3
0056F3D261D5,1,3
007ACE74B050,2,0
007E0CBA8852,0,1
008C457C8E0B,1,2
00944C693682,0,0
00B144412785,4,1
00BD97EA4041,2,4
00C6E82FE5BA,3,4
00D304153840,4,4
00E3F86E3E6A,1,0
013B9AA6B9DB,4,1
0158970BC5D2,2,1
015BB7DA58EE,0,0
0167BBA84E43,3,0
0168325D0E24,2,0
016A403802E8,1,0
016F1BA050BB,1,1
017302FBA532,3,4
0195CE164102,1,0
01AFC67DF935,3,0
01B3A57AB13D,3,3
01B52B1D14F8,4,1
01C53183305A,0,2
01E9D9CD5CBF,2,4
01F69867D1BE,2,4
01FE696E9CC2,1,0
0202B3446E2E,3,2
021663FD2F2E,0,4
022EE73C4244,2,2
023CEE52C08C,2,0
0242719E9969,4,1
028A2B1C73AF,2,1
02A3E737A10F,4,2
02D889D32DF5,1,4
02DACD6071FD,2,4
02DD203E0599,2,2
02F89B4E55CF,2,3
0300455258CB,4,1
030F2D5F039D,0,2
0350A994E363,3,3
036F8E1EF7A2,2,4
037059DAD8EF,4,4
03BA5E41C5E4,1,4
03CD4C5553A4,1,4
03CECCDBCC09,3,2
0411A43FF828,3,3
04147BBED91A,0,3
04217B837E28,0,4
0424AC66B7C7,0,4
0428DEB82659,1,1
043E9B5AFC5F,2,4
044FD1AE9230,1,4
046703375973,0,4
0471B0EB1919,4,3
048CE592752A,1,3
0491C7BFA9B4,4,2
04ACF5873DE9,4,0
04B4209D8A34,2,3
04C632140E83,0,2
04CD9AA9ECC5,2,3
04D4F9F350F6,1,4
04D653441263,0,1
04DEFB0B11C5,1,2
04F277F6562D,0,2
04FF4D9B5B3D,4,3
0507DAFBE89D,0,2
051C3A22AEE0,1,1
052136F20DD1,1,2
0527DB04DCC0,4,0
053B8755A4FB,1,4
053DA7D0417B,4,0
0548DE784D69,3,3
0557D6B9B3E5,1,1
0565752FDEEF,2,4
057AF0C42467,3,1
057DACBB2B12,1,2
0581A6F4E804,2,0
05A06DE4B96C,2,4
05A6C6DF86A9,1,1
05B3CD46C701,1,0
05BA34E2D72A,0,3
05BE83E193CF,2,3
05C9186E77DF,2,0
05D9F32E2DC7,1,3
05E95229344B,0,4
05F5B97B159A,2,3
0628DB049A56,0,2
0640FE8DF9D6,4,4
065FB99EB165,0,2
06936C8AA35D,2,1
06A2C91F38FE,0,2
06BE6D6749EA,4,0
071BF63AF332,1,3
071FB27E532B,3,3
072BF1F05F66,3,0
07397A3E9D8D,0,4
0741F0C1D776,1,1
0756FE811833,4,0
076DBAE9AA98,0,3
076FE42102A1,3,2
077394BE6603,1,0
077A62D46D30,4,0
077EA8162D03,3,2
077FC5CBB132,1,3
07A023BE2629,0,1
07C19143568C,0,0
07C6107B301F,2,0
07CE3E0B4129,2,1
07CF059A90F6,3,3
07D075719A6D,2,4
07D0B701C682,3,1
07D3CBDEFCEF,0,1
07E503B34962,4,1
07ECEB4E4BE1,4,0
0821EB1AEDED,2,3
0825571D1A47,2,2
082598CC8955,4,0
082E19093947,3,3
0839B4ACC2AF,0,2
083C3AE77587,3,0
083FA95E5371,1,3
085BDFC05337,0,1
085CACF9DE2B,2,2
086603D5B319,2,2
0878DADF1B3C,4,1
088C3E8EBAE7,4,3
08A6AD8C775B,4,3
08BE7B30414F,1,3
08E7FC23D9C9,4,3
08FBDF474AA2,3,1
08FC0154E0EF,4,4
09035E72A3AE,4,4
090D5AC33481,3,0
0910E011143F,2,0
091315F8E9A9,4,3
09133053C474,1,1
091375884D88,2,2
09281EFF7A66,3,4
093BD0824B7E,0,4
09483BB18BC3,2,2
09537221A5ED,2,0
0959BDBD0FB4,4,3
0961B819A4E9,3,1
0969066E81F6,3,3
09770DECD26C,1,0
097FE8053507,4,2
099985A2A99C,0,2
09D40BD05847,2,1
09DB075C4ACE,4,4
0A5B8761B187,0,3
0A5BA91AA8B5,0,4
0A618B980D2D,3,3
0A6324CE9AD0,4,2
0A6C0B6D3925,4,4
0A6F7ECC5B8F,3,3
0AA8E5C89F0F,2,1
0AB5C0C20670,3,2
0ABF4F99E166,0,4
0AC09FD13E72,1,4
0ACB0E08934E,2,2
0AD7535C58C0,0,1
0B2C0C1833BF,3,4
0B30792F314D,4,4
0B4FAC7A4A8B,4,1
0B52B1F1265B,0,1
0B57654EDEC1,4,2
0B5BFD4E5904,4,2
0B606C33AC4D,4,1
0B6B5E779566,1,1
0B80CB0B2F3B,0,4
0B81C3067FF2,3,1
0B8629C697D5,4,3
0B87B0B3278C,4,3
0B8A0777A6E5,2,2
0BA5EF441ADD,2,0
0BAF08001514,3,1
0BB0E957B6FE,3,2
0BB223A348F6,3,3
0BC016A285DC,4,4
0BD82CC1FC8C,3,4
0BDADA3AFF77,1,2
0BDD43321AFD,2,4
0BF9F64D6FD1,0,0
0BFD128F5C01,1,1
0C06B988433C,2,2
0C0C473FA794,0,1
0C0E56A1FB05,0,4
0C1BFE5E9F69,4,1
0C1D8179D5F3,3,1
0C24337CD49E,2,2
0C2BEA6C812A,2,2
0C2CD7E1B791,0,2
0C751C31DE85,1,1
0C82FD59BA0B,3,0
0C8DFEAE0ADA,3,3
0C8E8861F91A,3,2
0C952AD5C1EA,3,4
0C95E489AC08,3,4
0C9DF15EB6EA,1,2
0CA9AC7879C9,2,2
0CE521F8D172,3,0
0CE6E6BF8EA4,1,1
0CFDDC1CF75A,0,3
0D18BDF22C59,3,4
0D220BA8BA23,3,2
0D34A4F5331B,4,1
0D359BCEE452,0,0
0D3AA8470CC4,0,3
0D45F6F0E185,1,4
0D6199F762DC,4,3
0D6F5D6E2E77,3,2
0D6F9BEBACE4,4,0
0D7FAACC389B,1,4
0D89C8189022,0,3
0D91BAF9E8F6,2,1
0D91FC8A9FE7,0,4
0DB48DDD9022,2,0
0DC3BDC76434,4,0
0DD32C6E4E62,4,3
0DDCAFAEA487,3,3
0DEDD9E3222F,2,0
0E01BA28D3D9,1,4
0E0618CA73CD,3,2
0E0FF9B702E0,3,4
0E185FDC7CCE,3,1
0E424AAB5B39,1,0
0E49EB72AAA4,0,0
0E550CD08832,3,0
0E5BCFB10650,4,0
0E67436136BE,4,0
0E6BB199BF93,3,4
0EA4C1D85D69,2,1
0EA59AC549C4,3,0
0EAF5E712F0D,0,2
0EC4EF416F2F,3,4
0ED28D8A5EC4,0,2
0ED7102ED5B3,3,1
0ED86BD7C2F0,4,4
0EEE131E57EC,3,4
0EF91AC5D457,4,0
0EFDADD0CCD9,1,0
0F0059FAAF36,1,3
0F10DC1AE015,0,1
0F13AFF35C0C,1,0
0F2199921C33,1,4
0F23D0A1E0F0,3,2
0F3F6283B13B,0,2
0F6250B6D784,4,0
0F62638EB677,1,2
0F7934223515,4,3
0FADC137B8B7,0,4
0FBD2FFA1DDF,4,4
0FC4B7E09462,1,1
0FC97658A027,2,3
0FD5B95A957D,2,4
0FF049B01070,0,2
1006FE578078,1,3
10266FD6FA36,0,3
1028F5A588AA,4,3
1037273E86D9,4,1
103B05DC95C8,4,2
106394519512,4,0
1065173BBE31,2,0
1073917E4351,3,0
108C28958E5B,0,2
109DCAEA47FD,2,2
10BD74EB207B,3,1
10C8E486AE3C,0,4
10D09AB4D6C7,4,1
10E171D3654E,3,3
10E7A0414D14,1,1
10F4FEDEF052,4,2
10F8D3AD9F03,4,3
11168209A49C,0,0
113000585851,3,4
1136D95D28E7,2,2
11461A6C46C6,1,2
1155F7A18D6C,0,3
1160237A1858,3,4
11647A73E2B9,1,4
116A338694CB,3,2
116ED6BCEA4E,0,3
116FB053BEC7,0,0
11823089B61E,3,0
11950E4412E5,0,4
11A4E36A48AF,1,4
11B1A5FB25A8,1,1
11B9AC1814C8,1,3
11D0BB882C79,3,2
1248C86D1F56,3,3
125B2995B3D0,1,3
126BF47F3939,3,0
126F954995E7,3,4
127670CABA7C,0,4
129427624B81,3,1
129497C3E0FC,4,2
12988594D953,4,3
12A49BF3B556,4,3
12A61F91FC80,0,3
12C08C0F6EE1,1,1
12C119C37C62,3,2
12C4FDD062F3,0,3
12C8F1E791D6,0,4
12D4F74D6E4B,4,1
12E285708DA2,0,4
1300CBEB1F39,1,1
130F9B6DCCF9,2,4
1313ADFE62C6,2,2
131614E5C301,3,0
13224DF00A6A,4,1
13326EED1708,2,1
133299B36ADF,4,4
13457D2F2557,0,2
134BAA2D43CF,3,3
1357329AAA22,3,2
135D6AEDDA9F,2,1
1361D5E04DC3,0,3
136441C81C1E,2,4
1385E7A90736,2,4
139B1A57D6A3,0,1
13A4CE233CDA,4,4
13AF1E268C99,2,3
13BD2F675384,0,2
13C74967CE1B,2,2
13C78F5B1679,4,3
13CB8629B839,2,1
13D83C05F4D8,0,4
13E8EE063566,0,2
13EE05A75F27,4,1
13FB62D377E3,1,0
1445C99DF53B,1,0
1449A333A335,1,4
144FB09B0949,1,2
14543F568419,2,2
1456B98CAF05,2,2
1463D1D9EC8F,0,0
146550E45D18,1,0
1466D0B06D0D,3,2
146818D2FAF1,4,3
146ED0274FC7,1,1
148CA62EF887,3,4
1497D777FE12,1,1
14A542270754,3,2
14B366E0D9CA,1,0
14C15C12DA46,1,1
14CB51AFA416,2,4
14CC75D0E9D0,1,3
14CD7481EF35,3,3
14D6911BF51D,1,3
14FE56852B95,3,0
1515B6404750,2,3
151F9011BF04,2,0
1525562ED964,1,4
1541D4F15A1B,0,2
155ADE36AE80,3,0
15810FF4CB38,1,0
1590FD8BEA8E,0,0
159FA6D54C9B,1,2
15A2119D5A49,1,0
15A4F9A6C915,3,0
15C47E28278D,1,4
15DF5443F192,2,2
15E106AF20A7,4,1
15EAD0CC9F3D,3,2
15F80BF4B3C9,1,2
160060CC2418,0,0
160552DF7DBA,2,1
16180FD0AEF8,1,1
1627A070AEBB,1,1
1638D2DC4FC9,2,1
163A7C9FCF34,0,1
163F5BC5FDF3,4,1
164F2115421D,3,3
1669F1CC90D9,0,0
167F809A194B,4,1
16B47CE3BEBB,2,4
16D1A7B1BC84,2,3
16D2B327B978,2,0
16E4FB7A2BAF,2,1
16EAB34FDC87,1,3
1715A8524539,1,0
171E655CC8F1,3,3
172F67E7FBBC,1,4
173DB7DA3CE3,1,0
178FCB8C1D80,4,0
179A2FE8AF05,0,3
17A4777DCC71,1,4
17C688FD8337,1,4
17C80F3C80B3,1,4
17E5C17F1A9F,3,1
1801F16E35E4,0,1
184077A08F67,1,3
1840AEC2DC71,2,0
1842B5E46878,0,2
18658BB1E5FF,4,4
18860E0DA892,4,4
18A22DA09EF0,3,0
18AC57CFB338,1,1
18D68AEC46D6,3,3
18DD6D2A09F2,1,0
18EAB669FDE2,4,4
18EDFBD73F06,2,1
1911B040B77B,0,3
1934C9CFDA72,1,0
193B0EE3BF45,4,2
193FCB88CF06,2,1
196782208035,4,2
197CEA0EF269,1,1
19AE5A267720,2,4
19AEDCFA6EF1,1,0
19C1FF204DD1,1,4
19C2D7C5171D,1,0
19C571180C49,0,2
19D014A29353,0,4
19E57B0657A6,4,3
19EFA4F36E68,3,4
1A04C4505577,1,4
1A25F592A8B1,1,1
1A26AFD79998,4,0
1A2E1741BF9F,3,3
1A30D1140E7D,3,3
1A31F3084DC0,0,3
1A5D1D1C4F14,1,2
1A72E7E7F1F2,0,4
1A76F8E4EE76,2,2
1A9893654A41,3,4
1AD1F738D48B,3,4
1ADE56C19ACC,1,2
1ADE96A7A4D3,3,3
1B0B7D83419C,4,2
1B1FBDE25C2C,0,1
1B2470F552CC,4,0
1B3701EE4951,2,3
1B4BA44BD3E9,4,3
1B4E66B0BE0A,2,2
1B52BB98FACA,1,4
1B976DF43007,4,1
1B9A3BB7082E,3,4
1B9CD4058350,1,2
1BB2EB85C41C,0,2
1BB48664CC6A,0,4
1BC1E6EAB178,3,2
1BCF061FF0FF,2,2
1BD82BE8C639,1,2
1BDC5F527974,3,2
1BE3C3E7DE6C,1,4
1BE638E9C951,3,1
1BEB13D46E9D,2,1
1BF9AA238FCE,4,2
1BF9FD62E30B,4,2
1C088E6CD17E,2,2
1C3440A3FFD6,0,1
1C3A41A2CE86,2,3
1C41622B0A7A,4,2
1C54A8400984,2,2
1C592378CBD1,3,2
1C638282627C,0,4
1C6B45AF8116,2,2
1C7FDCD3337C,2,1
1C8340F2AEE0,4,2
1C9693E27251,0,4
1CCDBD707F65,1,3
1CD84A125450,1,3
1CE967B8E5C9,1,3
1CF149052D11,0,0
1CF48E3DD535,3,2
1CF95A009AE5,1,4
1CF9D84E94C1,2,2
1D023C6D201A,2,2
1D0EC331D8F6,4,3
1D10B524E194,2,4
1D374A0B26EA,0,4
1D4FBE746B88,2,4
1D55D4FF63BE,1,4
1D6188632F9B,1,3
1D7E734B4A3D,4,3
1D8D04DBA122,0,0
1DAD3DD9D08C,1,0
1DB195AA7BE3,0,2
1DC257172C29,2,3
1DC6485ABFF6,1,4
1DD339DE06D4,3,0
1DEDB886B240,0,3
1E12037C0F98,4,0
1E235AB03C8A,0,1
1E2844A2BE02,0,3
1E2A00D0E43B,1,3
1E4261B396CD,0,2
1E5EFF5360E2,1,3
1E6CE8FB9C96,3,4
1E7013131796,2,0
1E7C6D8AB2A2,3,2
1E85D46252A4,4,3
1E8C298D92CB,4,1
1EA525C7EBF3,0,2
1EC48C7220A9,1,1
1ED8279252FB,4,1
1EE05F854764,0,2
1EF5AB00CBCB,0,1
1EFA2916E5A8,2,0
1EFAC87220DC,4,4
1F06A4B670A1,4,4
1F07CBB60940,0,2
1F0B13A90754,2,4
1F11C3F72282,1,2
1F30B1F276A7,3,0
1F3E6E0EF6FB,0,0
1F56575F6388,1,3
1F58CB4D5847,1,1
1F6AB4756E2B,1,2
1F8354F0A861,2,1
1F8ECF8C118D,4,4
1F9026998271,1,2
1FB2C0AFFDA9,2,4
1FD98DABF889,4,1
2007A7232687,3,1
200AA7A37060,4,3
2010E484FDBB,1,1
20162733792B,0,1
2017D32A0639,4,2
2022B8E2B360,4,4
202A2848311C,4,3
204F13D548E9,3,2
20897B41AFB8,3,2
2089EF1099EB,3,4
20A42E81AC2B,0,2
20C01368FC3E,3,4
20C21D4E5A6C,0,4
20D0120E0F48,1,1
20D57DEC3EF5,4,0
20D81D1BE1A6,1,1
20E41EFD4FB8,3,4
20F9EE3FEC1F,1,0
20FE40010F03,1,4
211C17AD0F75,3,0
214BC7CE00D1,2,1
2158A5D15F84,3,2
216896F62055,0,4
216A05AF987E,2,4
217A7429341D,3,4
2181C567F6B0,0,4
218490FD2E1B,3,4
219F04FD37B6,2,1
21A162D4B0CB,3,3
21B6AF900F82,2,1
21C30597D17F,0,1
21C75B3F290A,3,3
22049B234D6C,4,3
22164E215B04,0,0
223370B9F564,2,3
22407ED964AB,1,4
22416450E0EF,4,0
22603B44E550,4,1
22715C8105CB,0,4
2275D39DC5AD,4,2
2280836E512A,1,1
22B0E90D524E,4,1
22BB7EEA0475,2,1
22D938F5E0E2,4,2
22E8627A3CB9,3,0
22ECC2FD37EE,4,2
22FBB7ED7597,4,1
22FD17FB1BEB,0,0
23011CDB368B,4,3
231A89552BD3,3,1
231FDA202B25,0,0
2321FAC1E823,0,0
2327F7A3128C,2,1
233A35247566,3,2
233A9C9D748F,1,1
234C54F93ABC,1,0
2352FF50900C,1,1
236ACE5E8FC3,2,1
236C5B5C92CB,0,0
23701C1FBDD2,4,1
2375E96B7653,2,0
237968EDE68A,2,2
237E08ECC729,3,1
238483C3AEFC,2,0
23968A5EA064,1,3
2396B6BC4F67,2,0
23982EC8FF86,2,0
23A3812CE15F,1,2
23AA5F45C05B,2,2
23AB013DC336,2,3
23C653E16CC8,3,0
23C6ED53A179,4,1
23CC3629CEC0,4,3
23E182BD3084,0,1
24122D3D3AED,2,0
2414D2AF4D56,3,4
2421208F6A6E,1,4
242E9BA55C0C,4,3
243ED18B29C0,2,3
2446D9BE78B8,3,1
2450993EB016,3,0
24687D08CFDA,2,3
24AD94A6AB3E,3,1
24B385AF486F,4,2
24BC9F21DAE0,1,4
24BCEBE0EEF1,0,1
24C5ED476177,1,3
24E0B6DB7B49,3,0
24FA36D49DB7,4,1
2513771E4659,2,1
25279CF8444F,4,2
253DB9820B2E,3,3
254DB921E152,0,3
255F29455E8B,1,1
2589CDBE363E,1,2
259706C1BBC3,2,1
259C2BDB1FFF,1,3
259C732E5942,0,2
259CAA746857,0,0
25A752FB734B,4,0
25C32F08C197,4,1
25C41D233D24,1,1
25C5C068B05E,0,1
25DE215F8B82,2,4
25DECA78E234,0,3
25F9B9BAA02A,4,0
25FA01853A35,4,2
26453BA910DE,0,2
2648CF0962FC,4,1
264C52745EE1,1,0
268675CF9C2B,3,1
2689E413844D,4,0
268FBF7E756F,1,3
269483FFAB82,3,0
269F6428008E,0,3
26B8039AB3E7,4,1
26C3C02A1614,3,1
26E218908B4C,2,1
26F5F129E53A,3,3
2710BC110FD2,1,1
2714214F7D9E,4,1
271636CCA33B,1,3
2723DB12AC00,2,1
27347E260F1C,1,1
273D52E9DC95,3,0
274CB6483DB9,2,1
2751851F289B,0,3
27837D0F399E,2,2
279E6B94B3C4,3,0
27C2C3000FBC,0,4
27E6536433B9,1,1
27ECF3416910,3,3
28314B1AC842,2,1
2834DAFAB489,2,2
283F30E12B90,1,1
2865585E0E34,0,1
287CDB5117E0,4,3
287F79B6D6F6,3,1
28823EC65BA2,1,1
2897B71A5E94,0,0
28A7B5B9219E,4,2
28B41BD59C3D,4,1
28B90FB1EE8C,3,1
28C1E6A5576E,0,4
28D8A6A8A99D,1,0
28DB1BCCB6AF,4,0
28DB8FB12DF2,3,0
28E2327785FC,3,2
28FF2BE0AB1A,1,0
2909EE180A2A,1,3
2912B4A5D526,1,0
291AAEA628E1,3,2
294099CEB05C,2,1
29450AD2A452,2,0
294C41270CAB,4,4
294CA62F98EC,1,1
29534C6BD280,1,1
29687C1F98F1,0,2
296D2E892341,1,2
2971AA64D618,0,3
297F3F4B6B58,1,2
299591FA8205,2,3
299C0AA4D716,4,4
29BE895CD900,1,1
2A2F04CC199E,0,2
2A35A23BE3C3,0,2
2A4C1A1AD665,0,0
2A52459E72AD,4,0
2A53E83B0090,1,4
2A5FFA718E2C,1,1
2A624BC3D806,2,2
2A665076893F,3,1
2A7C4A1CBA41,1,2
2AA857755DA3,3,4
2AAA5F2F5270,3,0
2AAE2550DDAD,2,2
2ABF91C208B8,0,1
2AC01E3AB211,4,4
2ACB43DD4A24,3,4
2AD1E61D9F7E,1,2
2AD3F67D6348,0,3
2AE0D00CAD7D,0,0
2B015051803E,2,2
2B1C42B1F534,2,4
2B23459A3938,1,4
2B2696900DDF,4,1
2B3601A69135,4,0
2B3DBFA4579D,4,3
2B48EAC02BF3,0,4
2B4A794ED0D8,3,4
2B4BE109A9D7,4,0
2B5011D4C860,2,3
2B53D5D29EAE,1,0
2B5560516314,0,1
2B557F0EF764,1,4
2B568E2031B1,0,3
2B573F9EF4B0,4,2
2B682084579E,3,3
2B683EE1691A,0,3
2B7612A3D793,0,0
2B7A8D15B50C,0,3
2B8301B2C7B7,1,0
2B8374B25171,2,0
2BA422F3619F,2,3
2BAB4CB3573E,2,0
2BB14634D9FE,1,3
2BB1B9853257,1,2
2BB327C90883,4,1
2BB4BFD96ABE,4,0
2BB9A0AD9F82,3,0
2BC448B88B54,2,3
2BE74BE251FE,0,3
2C0023E82D72,0,1
2C021FD670EB,3,1
2C0A4D88629E,0,0
2C0D4A3D4590,2,0
2C1337136521,1,0
2C20FC3AC128,4,1
2C2C377C45D0,4,1
2C2CF03355C9,1,0
2C469434A463,3,3
2C4BB3ACA451,4,4
2C670AC05A4E,0,2
2C7061AD8E4A,4,0
2C7750B811F3,1,3
2C78AF6ADD75,3,3
2C8521890B5A,0,3
2C8EA34FDC34,2,4
2CB23505789E,1,2
2CCC9DCFE253,2,4
2CEA555561C1,0,2
2CF5EC4E36F2,3,3
2CFBD4AA7BE5,4,4
2CFF8146A4BC,2,3
2D011A75157A,2,4
2D08A68E70CD,4,4
2D10F2D7A580,1,0
2D13EF90C1FA,0,3
2D21E920F1B0,3,1
2D35D2209C2C,0,1
2D5869DE8592,2,2
2D5E45654C18,3,4
2D5F50B0E765,0,1
2D617E37684A,4,4
2D644290FFF5,2,0
2D654BBA9310,2,0
2D71611B9278,2,0
2D73663127C2,3,1
2D8C767B44E7,1,0
2D9481E29A45,2,2
2D976D9E1787,2,1
2D991610AC9C,1,3
2DA25C61D18D,4,1
2DABAC90201A,4,3
2DBFE64834A2,3,4
2DC33D804E4A,4,0
2DE95E7D6776,4,3
2DEC6F2AE21A,2,3
2DF86580B7E7,3,1
2DFE8246A388,3,2
2DFFB145BE07,0,1
2E0AF5C8526F,2,1
2E1C25D6F265,1,4
2E4427B65439,0,3
2E4A8624CB67,1,4
2E4A88C4D580,1,3
2E4AFCD3987F,0,0
2E57A0350FFD,3,3
2E67DBD40D46,2,4
2E7245D9A04D,3,3
2E810318FBD2,4,4
2E86ACD1A766,0,2
2E8CD9C797B3,0,3
2EA7BBA9340E,0,3
2EAE515F6F39,3,1
2EB12DA322F4,2,3
2ECCE525D35D,0,0
2EDC00346850,4,3
2EEA9454E26C,0,1
2EEB19BB460B,0,4
2EEE167F8C62,3,3
2EF823A45135,1,4
2F19735DD6EC,2,1
2F1FD58DEA2F,4,0
2F2A39B3108A,1,0
2F3B801D2C6E,3,0
2F4428039BA4,0,3
2F523DD862F0,1,1
2F5B4EFC880B,2,0
2F5D1019C0DC,2,4
2F5E6E85679A,2,3
2F7B32094BCD,2,3
2F9499C7A36E,1,4
2F9C2FCB6880,2,2
2FA001A3D229,2,0
2FA703D6B89C,3,2
2FC6AA5BBAE9,3,4
2FDB1B6086C9,2,3
2FE74FFEB8A3,1,2
2FF49615D63E,1,2
2FF6C7542D18,3,0
2FF9836001F4,2,0
30045307DB37,0,4
3005ADCF9F86,1,1
300B76F37D8E,1,3
301D48946CB9,2,4
30293E16144E,3,3
3030A5BB7889,3,3
3034D1B95D44,0,2
3052DB170D3E,3,1
305B4157DD19,3,4
305F26C237E3,2,2
306BCA39D2E9,3,4
3085F5ECF4B0,1,1
308E3A168F23,2,2
30935D02377A,4,1
309BE8E1DCF1,3,4
30A900519B84,3,4
30B3A5EACADC,3,4
30C6A72F5821,1,2
312812841AB3,4,0
312C1164A2D4,1,3
312D8CFDF5DF,3,0
313229323B6E,2,3
3165FA4998BC,2,0
317C1C9BCDA0,2,4
318C3D719F7C,3,1
318F40822873,0,3
31998D3364B9,1,3
31A3040F487C,3,3
31B358884D0B,0,1
31F08BEA89C9,3,3
31F19F915306,3,4
31F4831C794D,3,2
3214BA8B26E6,3,3
321FA7E39731,1,2
3245CF7D6A64,3,0
3254ADC7B428,2,0
325B922888A7,2,2
325FE13C0550,4,3
326DEFF8D486,1,1
327077093C68,2,0
327AAC23CF5D,0,0
329C6644B488,3,1
32A121824D02,2,3
32AA6576C80B,3,4
32B2D5592E1D,2,1
32C41C1CBA06,3,4
32D0A06A0A23,4,1
32D3B300954A,0,0
32D94C1BA4A5,3,2
32E2949B0C66,4,3
32E3A5BDD0B2,4,2
33008B95DE9C,1,3
331502EB3762,4,3
331588D6432C,1,0
331CA007D0AD,0,4
33475A71956C,4,1
336787F2B202,0,0
336F8093CF86,1,4
3383B3E35D18,1,2
339048408CDE,1,4
33ADAAB38BFC,0,4
33E67D072963,0,2
3404A30E92C7,3,0
340734FCEDC4,1,2
3415EF8F87AA,3,0
34263BB26432,2,1
3426E5BCA485,4,0
346934F6BA88,3,3
346D40A69BBF,0,1
3493BED78E8E,2,3
34B96B0F6EBD,0,0
34C430A25890,4,1
34C979F3ABAA,4,1
34E1D0E60106,3,1
34FB9E0DF44A,4,4
35011B0C0225,3,0
350376FA39BD,2,3
35242F4AB789,0,0
352777B2AE3D,1,4
35279D8353D6,0,3
352CEEDDF08C,1,3
353CAC9AC658,3,2
3544D0B1BCDB,1,0
355534539B7E,2,4
35694DE1F9DE,4,2
3579E5EE4EC8,4,4
3583374DF150,2,0
35C1EF0AD877,2,4
35DA1D474645,4,2
35DE2CC6BBD9,2,4
360B5117F715,2,3
360DAF43CFF9,1,1
360F4E7D2631,1,0
36403757FA10,3,1
364FBA0A27EA,0,3
3671DB5110C0,0,0
3679FD464B98,2,1
36929B945E29,1,0
3697185C117D,3,0
36D263A9ECC7,1,4
36F89CC566E6,3,0
37019C8C1ECD,2,2
370732B4F376,4,3
3712A5E56380,0,4
3713AC622BFF,0,0
3716F4794AB4,4,1
371834E7E1DD,0,3
37513D076D09,2,3
375EFDE3B08A,0,1
377548575048,3,2
37771E9C2A8D,2,1
378005A2C405,0,2
37848FC43982,2,2
37A7110DB0C7,0,4
37A77BEAD718,1,4
37D7B6975F21,3,2
37DFBAA507EE,4,3
37FBA54D3C15,1,1
37FC9DB2D1DB,3,3
37FDBF9C7EE7,4,2
38068DC463D0,4,4
38287E1FD26F,1,1
384D9E9B4369,1,4
3856538E4B2D,4,3
3869028BB079,3,3
387867C1B5CE,3,4
387FEC6C2CB7,3,3
38867A20B018,2,1
389471556AB9,4,4
38B237B2F190,2,1
38B7875D420E,0,4
38C0F11C9F00,4,3
38D227AB68A0,1,2
38EB926DE7F0,3,4
38EEEB5BC11C,2,2
38F0C2290179,0,0
38F506B031E1,3,4
390900163076,0,0
391455AC0C39,4,1
392CC0403D93,2,2
392F93BC6499,0,0
393BDF8C7897,2,3
3946C28D4D7E,2,4
39556E3D684B,4,0
39568660BDA5,1,1
396A37B6D921,1,2
3978B5847C18,3,4
3980C03BD90A,4,0
399030918355,0,4
399C14D08042,1,0
39AD2FCCD35E,0,3
39AF0292F9B3,4,2
39BA457D842C,4,1
39DCB6EF34D9,1,4
39DD51C9D811,1,1
39E4DC4B4915,2,2
39EA615EA7C0,2,2
39F8DB13BB4F,2,2
39FFFE0E3490,4,2
3A00AE848492,1,0
3A22A2432F99,3,1
3A23BC10DD8C,1,1
3A317901A1B7,3,2
3A33CD269EA2,0,2
3A3AD368D10E,4,4
3A40B235E0C4,1,0
3A40FAC3D585,2,4
3A46013B0369,3,1
3A7412AECF21,3,1
3A748C1D650A,3,2
3A777021089B,3,2
3A88FA2C4060,4,3
3A98BE969D1F,4,3
3AA63F8F7D47,1,4
3AD47B68A985,0,4
3ADF2D3323BE,0,0
3AED5A7D58F8,3,0
3B10FD21BF95,1,0
3B20A3B52316,1,4
3B3A47EA684D,2,4
3B563576DE31,0,1
3B59052B8DAF,2,2
3B5EE97C7C53,3,2
3B61207AD210,2,1
3B6B5DF452D6,2,4
3B93FA6833FA,0,4
3B9A70FC3744,3,2
3BA0E26A657F,2,4
3BB86ECD4F58,4,1
3BBD17BCB443,2,2
3BC989105A18,1,1
3BCA170070B3,0,2
3BD1B5A4F714,1,0
3BD4064486ED,1,1
3BDE1763ECDA,4,0
3BE93D14041D,4,0
3BF8370D18A6,4,4
3BFD98581812,2,2
3C01D1FB2BBF,0,1
3C0AD7817D49,3,0
3C17ED55E3A8,3,3
3C1F9041C565,1,1
3C2FB67A96CB,4,3
3C4368A07D88,2,2
3C5248E5C9F9,2,3
3C5CFABBA1F0,3,4
3C693CBFEFB5,0,2
3C7CCE3A0596,3,3
3C80E1F48330,2,3
3C8360258FE5,3,1
3C89B5224126,2,2
3C9D9C9C1A16,4,3
3CA61DE9B5C6,3,3
3CA8BC5FDD12,0,3
3CB7F7FC1F29,1,2
3CBB0AD46687,0,3
3CCED3AEEF5A,1,3
3D0919A418E6,1,1
3D26F9BC9F2C,1,2
3D303A57E7A4,3,1
3D3E4F0B74D2,4,1
3D6607FA5531,4,4
3D7740BCAA23,0,1
3D7B1F039322,4,4
3D91748BFF8D,1,2
3D93701B4E8D,4,2
3D97B580A127,3,3
3D99FC2386BD,0,4
3D9CBC4F434F,3,1
3DA49C7B4B14,3,3
3DA81D432A0F,1,1
3DAC64829E27,2,2
3DB1BD9129DB,1,4
3DBAD6F954EB,1,0
3DC336733E9F,2,1
3E6D1917A314,4,1
3E7CF0FBAF5C,4,3
3E866ECC376A,4,4
3E875F22BACF,2,4
3E914F66058C,2,4
3EA7F29FFED8,0,2
3EAC45B15D2C,0,3
3EBF97F2F31A,4,3
3EC88BE82F4F,1,0
3ECD274709E5,3,2
3ECE3D9AD865,4,0
3EEBAD2DC744,2,4
3EEDE8AD3CB3,1,0
3EFA3EE80C51,0,1
3F06BE2C68DF,4,4
3F0A465CBE35,4,3
3F0C266099A0,1,3
3F142A739C54,4,4
3F15318ECD44,1,2
3F1A4C0C773A,2,2
3F32AA4DA912,4,0
3F400A7BC136,3,0
3F4D8262235A,0,0
3F59617806D4,1,2
3F612C6BD191,1,1
3F63FCA1BD42,2,0
3F8C4D2CA16E,3,0
3F8C6F9EBDEB,1,2
3F949C10F639,0,2
3F98D44407D0,4,3
3FA1D435DD1A,1,2
3FB024B6D050,3,1
3FC093EFB96C,1,0
3FC1377C323B,3,1
3FCC179594CD,4,4
3FD462C874BF,3,3
3FDC2CD9FB9F,3,1
3FDCA0372760,4,1
3FF0FB7E93BD,3,1
3FF2F530D590,0,1
4000B8222A07,0,1
4023681265EF,2,1
40331978F344,3,1
403B4FFD6CA4,1,3
405A9A2516C4,3,1
405D9D4958DF,4,4
40936430B82D,4,1
4094C6225C49,3,3
40A475C95D6B,3,2
40B094686B62,3,0
40BDB6D6B9A7,0,3
40E7A7FDF48D,4,2
40F436B62E66,0,1
41144C19B669,3,4
411AE0653A8C,0,3
4122443C74C6,0,3
412F965FE701,0,2
413FE0669882,1,3
4155D50399D1,4,2
415672DB1873,2,1
416154D38103,3,3
4164C4264ABA,4,1
4171CB7DF807,1,0
4178B01DEEC6,0,2
417C226944D6,1,2
418DC4AC10FA,4,2
4193E47EE1D8,4,1
4195C11B8348,1,3
419C8EFADABA,2,2
41C6D3432C49,1,2
41CC238F5738,1,4
41DAE20A16DF,2,3
41E45EFE43AA,0,4
41E9768ADAF5,3,3
41F94D05D278,1,4
4200B5E4E9DF,1,4
42017C1963DB,4,2
423A1CA112E2,4,2
4244E78D4368,1,3
426D179A5178,3,1
427A6B619597,0,2
42814ED28C18,1,3
4288F88C8D15,2,4
42A20744DECF,1,0
42AD5E1F4167,0,4
42B977C6E77F,2,4
42C45E57A06D,0,1
42D8CCA3643E,1,3
42F0BEBB42B4,0,4
42F881EA857A,4,4
430762044028,0,1
43121098266D,2,0
4316B5E2B308,0,0
434616FBA2C7,0,2
436CA2153EB6,4,2
436E25853B7F,3,4
4380C1BD3461,1,4
439B4B707E10,0,0
43A603645B8A,2,4
43A98A5165A6,3,0
43AF502C49E6,3,0
43C31084455B,4,2
43CBE96B374E,4,2
43EC1533429B,3,2
43FA2AEEBD18,0,4
43FDEB1E411C,1,4
44079A5EEDDE,3,3
4409FED98F5A,3,1
441097905601,3,4
44128AB790AD,2,0
441A5D13BCF3,3,4
443033444A5F,4,2
44442D65C858,3,1
444DC9706435,2,3
4453444AF383,4,2
446A878D528E,3,4
446C81F7D0B7,1,0
446CB94BD577,4,0
4475026EACB1,4,1
4478B3244F49,4,2
4483D41956AE,4,4
448CB43A2D43,4,1
44A5406282B8,1,2
44A73349B60A,1,2
44D318388E8C,0,4
44D3C95615CA,1,1
44D73D95E310,3,3
44DBB635DEB1,1,4
44DEA88FDD83,4,1
44E1D37DCE9B,0,1
44E2726DA1B3,3,2
44E343ECD9B7,4,1
44F6DC9C8326,2,0
450F44822D14,3,1
451D81265E8E,0,0
451E43CF8A30,2,1
451E8369BB76,3,0
4548C04F9AC7,3,0
455D0FE2839E,1,1
4575B9D207C5,2,1
45775C79FA64,0,0
457D9B0CF71F,3,0
4585DE769AE9,4,3
4595126165A7,3,3
4597FB4E692E,0,1
45A87F46D89C,2,1
45AE96545D1A,0,2
45C0A94A1668,2,4
45CF27F8EB92,4,0
45D156498F73,3,4
45EBD1AF6D37,4,1
45EF6A4EDB1A,1,2
45F644FB9B80,2,4
46299FE45972,3,4
462F2BD14BDE,2,3
4631AFEED2F7,3,4
46325F9405AF,4,2
46372618BF29,2,2
4642829BC8A4,3,2
4645167FB476,1,3
465810444E5F,2,3
465E5E04956D,3,1
465FAD6FEDC4,3,0
46607966C5C2,4,2
4662057D0A77,2,1
46677CD5B4C7,2,4
4676279E486E,1,4
4692ACEC5FF4,4,3
46A92C87B030,3,3
46B92194BDB8,3,0
46BA696395F4,4,1
46E97FDCA469,0,1
4722B4D2C6E7,3,0
47349AAB5C12,0,1
473FF163E44A,4,3
47470951BBDB,2,4
47650F5F247C,3,0
476E07AEA488,0,1
477BCBA4035E,2,1
4790D181C8D5,2,4
47953D11C79C,2,0
4797D4343628,0,0
479B6050859E,1,4
47A7E2D63D3B,0,4
47CAD052900E,1,0
47D025408E0F,1,1
47F56748F9C4,0,2
4801AC90F66F,2,4
4819AB11D62A,1,3
483B15E6B6DE,3,0
484C49CBDA30,3,3
4858280EA8BC,1,3
486B53D5F8A0,0,4
486F1C72E20D,2,0
487739AC4B1E,1,2
48898FA30C5B,2,2
488DEE769EEF,1,3
48984D541995,3,2
4899B96D932B,0,2
48B50A9C7D0F,3,3
48B6B42AF44E,0,1
48B7B61CE51A,1,3
48D1D86D5110,3,1
4905342C1EF9,1,0
49083564C202,2,1
490867E5D019,0,2
490C2D42AFCE,2,0
4933B56F9E7B,0,2
49586CD6A649,4,2
495DF8DE2896,3,2
4967076F4E7F,3,4
496EB21D745B,3,3
497E63C46A84,3,4
49BF71773C4D,2,4
49D702493C91,2,0
49D71438EA8F,3,1
49DA281C7585,2,1
49EC678EC9BB,3,3
49ED2C7B57AD,0,0
49ED588E79B1,0,3
49EE396B474E,2,4
4A12B5FDB00B,1,2
4A19AA269331,4,0
4A292725EE82,3,2
4A4A502DE26A,4,2
4A5760917477,1,4
4A5D0595AB31,1,0
4A7EE66B4695,2,4
4A8B8527DD14,3,4
4A8FCC8C7D9B,3,0
4ABA61F516D1,2,0
4ACC669C808C,3,2
4AE962B7BDAA,0,2
4AEA13D034F3,4,0
4AFC0853D08D,0,1
4B048F74F3E7,0,0
4B0CFB5539BA,2,2
4B201D2C2152,3,1
4B358CFBD575,1,3
4B39C0D759AA,4,1
4B47096239FB,0,4
4B4A73217C3A,1,2
4B6343C4BF5B,0,4
4B6A52E23DE9,3,2
4BA61396D272,1,1
4BB2F265CFEB,3,4
4BB5ADD5A1FE,0,0
4BB688100D15,1,3
4BD30FA12457,3,1
4BD93FED6367,1,3
4BD9A9FE0FA4,3,3
4BDCA46AC00E,1,0
4BDD636AAE13,3,4
4C0EB60473E1,2,4
4C1B24495AB7,2,4
4C1F76298E24,2,1
4C2AC8A4704A,1,2
4C30EEDA3A8F,0,2
4C3D01DA2767,1,1
4C3F7CDF30EB,2,2
4C471936CD75,3,1
4C51280DE2A8,4,1
4C543C424527,3,3
4C587D63904C,2,1
4C6B05BD5A81,2,0
4CA37D113612,2,4
4CA50E2333F2,1,4
4CBB994F69F3,4,0
4D05FF3E63BE,1,1
4D160DA89EB9,0,4
4D4548484E40,1,2
4D4A979B1FB3,3,4
4D4B09BC09A5,2,0
4D51DD14B0E4,1,0
4D55C9731228,0,4
4D772EDF3C34,3,3
4DB034BFB641,2,1
4DB817B0DE25,1,0
4DC0660FD777,1,3
4DF55925F544,1,1
4E078101C9DD,1,2
4E0C8B6B069B,2,2
4E1A49DAA439,3,3
4E1C636ABEAD,0,3
4E1CF079ECDD,2,4
4E1F37A9728A,0,1
4E2B21AF8C1D,0,2
4E2D058C025D,3,0
4E48D58E859A,4,2
4E4FAB530872,2,1
4E6D9C9F9318,1,1
4E6E66266A2A,0,0
4E7557A13281,2,1
4E8255A83429,1,1
4E83F1166BA9,3,2
4EAB0293267B,1,0
4EB6E7B8DEC0,1,0
4EBE610AF54A,3,2
4EC4E3EFD09A,3,3
4ED5C9162A01,3,4
4EDB197A680E,1,2
4EE35E322F9F,4,3
4EEB3CAA6F48,3,2
4EFC8F589A83,0,1
4F099BCC188A,0,1
4F46B0E32EB7,2,4
4F51DB73DF1E,4,2
4F6084AE3A42,0,1
4F616FEC40E0,0,3
4F627C43D63F,3,2
4F68A8CE6F27,3,1
4F72FF874556,1,1
4F84013E9056,2,4
4F9E529C1FBD,1,4
4FAC3B29417F,4,1
4FC6489E8006,1,3
4FDB610CDF7B,3,3
4FE5B872FE61,2,2
4FFA8AA9820C,1,0
4FFC4DB08B42,3,3
500F35F18E1F,0,4
50122C17BAD4,4,3
5054EC6BA14D,3,1
505A9D10C001,3,2
505E8295E792,3,1
50670624BE51,2,0
507CBD8E9670,2,4
5086805A319F,0,0
508DB90F68C7,2,1
50964348BC11,1,4
509A6BA813C0,2,2
50ABF43C3323,3,0
50BCAECC0F0B,3,1
50DA28892569,0,1
50F1D8786126,2,4
5137514F130A,1,3
5145FF65E5BE,0,1
51464A01F6FC,2,0
514ADDA113FD,2,3
51582221FB88,3,4
515CEA13AEE5,0,4
515E8B741A54,1,4
51634BBDF223,0,4
5163679C254B,4,0
516557988F8B,0,2
5173FB3C75A9,4,3
518B562DBD6B,4,0
51CCAD86D2F2,4,3
51CD300AB688,4,1
520545C18283,4,2
52233E7A7574,4,0
52293439CC0D,4,2
522A99CEF90C,2,3
52315F217E9A,1,4
523EBD9ECA47,1,2
52432D25C86B,1,4
52579F4BBE4E,4,2
525E2FD50DBF,3,3
527B7AAC2310,1,3
527EB3C89F2F,1,0
52835AA731FA,3,2
52D49831B279,4,2
530A7F55A2DC,1,3
530F622827DE,2,2
5310CCBD5B81,3,4
533B0CD8AB4D,4,3
534835158D10,3,4
5353165D1A68,2,2
535408616BBE,1,2
535D71E8C000,4,3
53653D0A6CBD,3,3
5369752CEAB0,1,4
53858BE44997,0,4
53986279FB2A,0,2
53A912957FE2,1,1
53B076D547AE,3,2
53B21C3A440F,0,2
53DE53537B56,2,0
53E064890ABC,4,4
53F1450AF8DF,0,1
5402D8B83297,2,4
5412AD81F965,4,4
541CC72DE4AE,1,3
542FD18E9ADA,1,0
54351180CD4F,4,1
5445F0F5D9ED,3,2
545505504662,3,1
5473EA33D5D4,0,2
547C43CF3291,1,3
5484CC372842,1,3
54A8F5B2420A,3,1
54AB7FB037B1,2,4
54B7666CDA35,0,1
54C324EE765F,1,1
54CB8D1DFDD0,0,2
54F17F5A8C3C,1,0
550102B59704,3,0
550B399B17B3,3,0
551BD9A8F311,0,0
551D2A846180,1,4
5526ABFE6934,3,4
552E2FEC5EFA,3,1
5534E738B129,1,2
55362AC14974,0,0
5553B03E281F,4,2
558299F3D69E,3,1
55B4B2BFF231,1,1
55D932D37D19,3,3
561798F1DC3D,4,2
56193E77BB71,2,0
563F7AD6C619,4,0
5658A5617BA5,2,2
565B5C8E9B05,2,4
5662D458F65C,2,2
567D7BBCEF48,0,2
5690C4B1DE7E,3,1
5694D233EAF6,3,3
569CBA2B3B8F,3,2
56AC4BE71C2F,1,0
56C208138AC9,2,2
56C6D97AF40B,3,0
56CE93447F80,4,0
56EE0E1D79CB,3,0
57076BE40C47,0,1
5716C4DAFC9E,3,1
571BE3159B48,3,4
572236CAAFCE,3,3
57280EFE34F4,0,4
5729D5AE055C,0,2
575107B10B0B,0,1
57596DF3AD20,4,0
575C00FBC60A,0,0
57691ED21F01,2,3
5773EED58DF2,1,0
57778A40CC36,3,3
57807B412545,4,1
57846986862C,2,0
578C014A7BBE,4,2
578F55185BA7,1,3
57B41EC7CB9A,3,4
57B68E9AEF5E,0,1
57CE6ED06513,1,2
57E1C649E187,3,1
57E6768B4C73,3,1
57ED566E615C,1,4
5816C1DCD336,0,1
584A4BB1E954,0,1
584D358FE757,2,4
58621C689C7B,0,2
58669BF55DF1,0,0
5875D6BFC687,1,3
588CDD2F40C4,1,4
58B7F73691D2,3,0
58CE20CD7539,1,4
58D4330D6F28,2,4
58DA41AD8D5D,2,3
58ED581D8B93,4,4
58F2F77D8FD6,3,0
5902D762C891,4,3
5934838B26AD,4,4
5940D91292F8,2,4
594169D56D3F,2,4
5942FB27D5C3,0,1
596BD7B2FE5F,0,1
5976F16FE9D2,1,2
5977CABF7057,4,0
5988A483AC88,4,4
5991DAD0977F,4,0
599620A50158,1,2
59981B992996,3,3
59A14F276C3E,2,4
59A565081D48,3,1
59A71CF8491A,2,3
59CD6F1E3E98,2,0
59D72A2EE874,4,2
59DE92B483E3,0,2
5A1EAD973EF6,0,2
5A230824A066,0,1
5A3BABA1AE21,0,4
5A4B52D6101D,4,0
5A510998E08B,2,0
5A91E373F462,2,2
5AD3EAC6A195,3,2
5AE4D1E1C5F6,1,3
5AEA8070C6B1,3,3
5AEDBC21EF30,0,2
5AF04068D0B9,2,3
5B1286DD196F,0,2
5B1604AE437E,0,2
5B222B47AA21,2,4
5B225CED16B5,0,2
5B23F7961CC0,3,1
5B2EAD37D5A8,1,1
5B38B644790E,3,4
5B43D8B934CC,4,0
5B4D05042A6B,2,4
5B54CC4A1EBA,1,2
5B55BC4B128C,1,3
5B66541ADDCD,4,0
5B6E4D0EEB87,3,3
5B9A44B2CF80,3,0
5BBC05802470,2,1
5BD888B4E549,4,4
5BDF483698A5,0,2
5C01C98F3655,4,1
5C2A497012B9,0,1
5C3B7683D560,0,3
5C44B0B1C2E3,4,3
5C5EB17E8684,1,0
5C6687B1AA0B,0,1
5C66CBD21170,0,3
5C69070E1E48,4,0
5C742ECB809D,3,3
5C7AF7C12082,2,1
5C8E678EACDD,0,4
5C911C2B4F28,4,2
5C9627F63CB8,1,1
5C9E6CCEAF57,0,4
5CB2FF0429F3,1,0
5CC530A8C191,0,4
5CD0A11E317E,0,2
5CD16BFB1881,4,3
5CD698A502C8,1,2
5CE073B74680,1,0
5CE0E9A7214D,4,3
5D01CC697BFA,2,4
5D02A79930D1,4,2
5D0C75BD050F,1,4
5D1A08FC3563,0,3
5D20393B5BB9,4,2
5D24FD22556E,4,0
5D44D3B6B7C3,0,2
5D48FA3291DE,1,0
5D5F108C0FC9,3,0
5D724F93F765,3,2
5D934B4BED8F,3,2
5DACADC48565,3,0
5DB8391BB037,4,3
5DD063D65899,1,1
5E178A82D743,1,0
5E1DEB2AAE39,1,0
5E295D2E7B76,2,0
5E3A5B645F49,2,0
5E461378597B,4,4
5E57B80BFC66,3,2
5E5A892CC4F5,1,3
5E7DCF4A5293,4,0
5E85F1FB4E22,4,0
5E879A28D710,1,3
5E9118C7949A,4,3
5E9964522D41,2,4
5EA13764DA34,1,1
5EB7A0B134B4,1,0
5F1044A9C6A6,1,1
5F1ED0796466,0,1
5F626697DD15,0,2
5F931A3FF8F9,1,4
5F9EA3F22EDD,4,0
5FB1A7C1D694,2,2
5FB75CCB31F8,4,1
5FBEBF4F7E1D,3,3
5FC3B96C3EA1,1,0
5FE588C6DDB5,4,1
5FE67C1664B6,1,2
5FF1D599D746,2,0
5FFA4762D642,2,3
600959D8A343,0,4
600D15606C01,1,3
603108B7285B,2,0
603D38C864DD,2,4
604B7BE00CDB,2,4
6058577A0EB1,0,3
605DDEFB7A40,0,0
6060D28C05B6,4,2
60714BE8146A,4,2
607AB7FA0E57,2,1
60848B9FED16,1,1
609C540CAA76,3,4
60C439A28A94,4,1
60C9C0AC9F48,2,1
6100B2E44919,0,2
611532F64D30,0,1
611BBDDA35CA,4,1
6120EF6FC0BF,3,0
612EB8B104BC,4,0
6141232BA814,2,0
615429644163,4,2
61607C674FA3,4,3
616F112B59F4,3,0
617F2F7BF090,3,1
6180C9A37B2B,4,1
6183574CA5FC,2,3
619224AA3A9A,1,0
6198205BB70E,2,4
619D4176B04A,0,2
61A0FEA827E4,2,4
61AD9851B39D,1,3
61BABBBB9822,3,4
61C3ADEA1DD5,0,2
61D04D45D0BB,4,4
61DCD93D73F2,1,4
61E75F6539D8,0,0
61ECCAC44988,1,1
620419154DDF,0,4
62563E5C6E8E,4,3
6262ED336DBD,0,1
628019536B7A,2,2
6298002ACB46,3,1
62AC1AA7FC86,4,4
62AD0D768FD8,3,0
62BC144D48C1,2,3
62C826B33D79,1,4
62CA2951FB9B,0,3
62CA32AA1C52,4,2
62FC97D29846,2,0
63001194BE9C,2,4
6300E798D425,4,1
63268F421EE1,4,4
632C8DA9E2B1,1,1
632D9999C23C,2,2
6348F3FAB2F4,2,4
63587869CADC,3,0
636755267395,1,2
63687EA6EB28,2,4
63765DD9525D,0,3
639453E90BD4,0,2
63AFEF7824B1,0,2
63B0C1CE1743,4,4
63C74FF7DB27,2,1
63F717BB8C2D,0,1
63FC4B44DCF4,1,1
63FEB8D784FD,4,4
64183B7D3207,0,0
643B41BE89EE,4,0
6454763B703F,0,2
6481E8B9CD64,2,2
648987861269,0,3
649B2A197C4A,2,2
64E72752757D,4,0
64EE7AB92E51,0,1
64F2F1AEDE19,0,0
64F7C12F6811,1,2
650A40BBAB6D,0,2
6515C1CC0F57,0,1
651CE6F22A06,0,4
653F5908B3BD,3,3
65552A741D2A,4,3
65590D44B68A,1,4
655EC70088AA,4,3
656C7C849144,3,0
6578E97B8E0E,0,3
65922C6DA1B8,2,4
659461FD20E3,4,2
65991D1DA389,3,3
65AB218C2765,4,0
65AE2F1BF718,4,2
65B987E219BE,1,4
65C8F881F296,1,0
65D771A9D1FD,2,0
65E50A262677,3,1
6614342DF86D,3,2
6621856784A9,2,0
66418ED2289D,0,0
6641EA903719,2,0
665F9322C6EF,0,2
6661EAEC9023,4,2
666D50D7F0F0,2,2
6680CFA0A5FA,2,0
669954011A4C,1,3
6699DEA066F3,4,3
669C59404DC1,1,3
66ABB3042298,0,0
66B37D7DE0F6,4,4
66BB82BD76B2,3,3
66CBBA95F7C0,0,3
66CE6C9D0594,1,4
66D810E0A3D1,1,2
66E83D44F4A3,1,0
66EEDB0C0494,1,4
66FE148BE39B,0,3
670F2243BADC,3,1
671AEA2900EF,4,4
671D0569C835,1,0
672B0070EEE9,3,0
67311650D333,0,3
67325C66D1E0,0,3
67348F433E43,0,1
67569429BA4F,1,4
675BF8AB227B,1,0
6770F94889E2,3,2
6776B92E4513,1,2
67780BCAD15F,3,2
678A6C5DE012,3,3
6794A463D2C5,2,1
6796C7366713,0,3
67B143000AE2,4,3
67B4E798A5B4,2,0
67BD359D8BD2,4,2
67C12A362ABA,3,3
67D14DACC392,1,2
67D58F9FA53C,0,1
67F2B24AB779,0,3
67FFAD7BD23C,0,1
681279579E8A,2,3
681AE0381A53,2,2
6867D67B3444,1,3
687134C8A628,0,0
6874FC63CF20,1,0
688370E9E6F1,0,0
688BD7FE6932,2,0
689AA040C1A2,3,2
68B6142F4EA9,0,4
68D87C1576F3,0,4
690409AA7E69,0,1
690D4166C20C,4,2
690D9455E629,3,1
6910A7FECEEA,3,2
691DF95F51C3,0,3
693C3112ED21,1,4
693D502DB723,2,4
694238280A93,2,3
697647371E0B,2,2
698E89BCF1FD,2,0
699EBFBA9770,1,2
69A1A0E6B176,0,4
69ADC83F4BBE,3,2
69CF251771E1,4,2
69D18D73D53A,3,0
6A088E8BBE02,3,4
6A099CADF367,0,2
6A11844C8AD2,3,0
6A273D6F0816,4,4
6A2F708CAA8B,0,0
6A49432C3001,4,2
6A59D543AE54,1,3
6A6651ADD38C,2,2
6A7C43E28A55,1,1
6A8D21EBA6DB,2,2
6A91EB21FE91,2,4
6A97E65BBE95,3,4
6A988A538ED8,3,4
6AAA584CCF70,4,0
6AB345CECE0B,2,3
6AD64F9A9437,2,2
6AE4BFE2E5CF,3,0
6AFC2BA228ED,2,4
6B030715E953,0,2
6B0FE655BCD1,2,3
6B34AE0F8DBF,1,1
6B4F37D30E7C,4,3
6B56C630FFC5,4,4
6B61F68D4B21,3,0
6B648AFC9FCF,3,2
6B6A7138292B,3,4
6BBD726B840E,1,1
6BC10E78A82B,1,3
6BEDE1C49244,2,2
6BF54A9F8383,4,3
6BFE57AA416B,1,4
6C014506F9A2,0,4
6C09B4AA6A77,4,3
6C1C86ECD6BC,1,2
6C2348EA83BB,4,1
6C30C0076FAD,4,4
6C3788371B29,1,0
6C3B801F92D2,2,1
6C3B81B109A8,4,0
6C3DE9491C5E,0,4
6C3E863C67FC,3,4
6C3F752AFF5F,2,0
6C50FC009033,2,4
6C5A6D1D0C13,2,0
6C60C14AE38A,4,2
6C7C9840311F,0,3
6C991A1A6C39,0,3
6C9A5A8FA2F9,2,4
6CA078E0C93F,4,3
6CA3EC0D0FC8,2,4
6CAE55B3180D,0,3
6CE2817B7E7A,3,4
6D1FB567121E,0,1
6D43A188D1DD,4,2
6D70F7B79D16,2,0
6D757AA2C340,4,0
6D7E6399624E,4,0
6DAE6E1E7492,1,3
6DEFC88D4E0B,3,2
6DF04169C765,3,0
6DFB980B835D,2,1
6E154A9B7943,1,1
6E1B4AF3CDC3,0,1
6E3219126915,3,0
6E534D6E2282,3,1
6E5F2ED42575,0,3
6E6BCEE073C6,1,4
6E919842050C,4,4
6EA56718315A,2,0
6ECD533A72F4,0,4
6ED32B9136F8,2,4
6EEAB9FBADDF,0,3
6F0ECB93B03B,2,0
6F142E71AEF1,4,1
6F271187D67D,1,1
6F5B58C28A2D,0,4
6F7CCB64354C,0,2
6F8200CADE90,2,4
6F868B506EB5,4,0
6F896BABB13C,2,4
6FA24C314388,2,0
6FA5454B11D4,4,3
6FAA9368824D,1,2
6FAADEC1F061,4,1
6FB4BDEE27AE,0,1
6FB60C290F5A,4,4
6FC359E7AFD1,4,1
6FCD57CA5E41,0,4
6FD0E82AB64D,2,4
6FF3C3A95428,2,0
6FFD7E6D4DF1,4,0
700BD7047E86,0,2
708AB9D67FAC,1,3
709156BCF733,2,3
7091F3705B94,4,4
709820813997,4,0
70B291155F0E,3,2
70B6F3CF220A,2,4
70CAE1192018,3,1
70E008E55102,3,1
70ED039EAD61,1,0
70F8687E59CC,3,3
70FA630251FB,1,2
70FBC86A01C6,0,1
710819DE9003,4,3
710EFFD2AFE1,1,0
711483807C59,4,4
712A59B74C91,4,1
712C7781C2D9,0,0
713EA4487525,2,3
714651DE19D4,3,2
71466A710ABD,4,0
718800CC3C50,1,3
71A166CD0D13,0,0
71AF8059184A,0,3
71B6B3BAAD43,3,1
71BF2F475B65,2,2
71C6704EA7FD,1,3
71CF98E09876,3,4
71DF40C12652,3,4
71E850FCDA63,0,4
71E9F0BA4A2D,2,1
71FD8098572A,4,3
720030D83705,3,0
7203112033A1,4,2
7219B95E033D,3,3
722E19E62C10,3,0
722F0DECA31C,3,3
7245B7DB7729,2,3
7263826C2217,1,2
72705C852528,1,2
7277DA6BE697,4,4
727DE3CD0AEC,2,0
728BCEE2399D,1,3
728DD08A8342,1,4
72AC5F226827,3,3
72B22E89D0EE,1,4
72C11495DA32,0,4
72D8B5600A8F,4,3
72E8EFB1A713,4,0
72ECF408E30D,0,0
72F56A4CC1DE,3,4
7301B174090E,3,4
731D759856F0,3,0
732394E7D26E,2,0
7323FA189167,3,0
733DB414740E,4,1
735346F7F34E,2,3
7361AA14D6EE,2,2
7388CA48B5E1,2,4
738E215A237A,0,2
73A5A2871074,1,0
73AE93492275,0,3
73B7AA4CFB1C,2,4
73CDE1582FCB,4,3
73D52BB6390A,0,0
73D69658CF95,3,4
73D6F19E24BD,0,2
73DC1D49FAD5,0,3
73F69FA2E0E3,2,3
74036EED2163,1,0
7429789954ED,4,2
743F1B934A96,0,1
7440926E8961,0,4
7443D525E32D,3,3
7450531F9573,4,0
74540DF965DE,4,0
745F2414FCA9,1,3
746BC0AD4761,1,1
747B06CF4DA3,0,0
7480BDC7C131,1,4
749A62B003A5,0,1
749E1B13022A,2,1
74A95DB15E93,3,1
74CA2200A7FB,4,3
74DAEA65F420,4,4
74DD3C49B848,1,3
74F07823BCB9,4,2
7500A3088217,0,0
7507EC0790DF,4,1
75119D54385C,0,1
75215659EBB3,4,0
7534BB13F2D4,0,0
753E320B186B,1,4
754CED955EFD,0,2
756C640A36D1,4,3
757E9E1595A7,0,1
75818DBD4DA2,2,2
758703E5BF73,3,1
759754F07F7F,3,1
75A613E09762,4,2
75A635A498F4,4,4
75AADDF98A77,4,2
75B4C84E8AC3,1,2
75B64811DC65,0,3
75C06F2B5826,3,1
75C2D5CE58D0,4,0
75C4CC1ABECF,1,4
75C65F266CFD,2,1
75D302ED4DF2,0,2
75D73C6EA19B,2,0
75DD5C0C5050,1,1
75DD90F67191,4,0
75E9D43EB9E4,0,4
75EDF0FEA5F1,1,0
75F4CDC7BB69,1,0
7614540E8571,4,2
761B16CEE6C1,0,0
761E554AE3D8,4,0
763EF698F56B,4,3
764CF7C9DF70,3,2
76537E8BFF12,4,1
765A364BDA2E,4,2
765F4BB0381E,1,1
7672B22A2D8F,1,0
76764A83DA39,2,3
7685070B6629,4,3
768885A4B61A,0,0
7699AA6DF309,1,4
769FAE6984B9,1,0
76A03B929C4B,2,4
76C0FD26B20A,3,2
76C3430373A4,4,4
76CDE9069DBE,2,4
76D43DB8CC85,3,0
76D57BCC7A10,0,1
76D946F75D6A,0,0
77013FCECE6F,2,1
771C8CAD2E80,1,4
771FA4E3B7A8,4,1
7742D58270C9,0,3
7748D6B51DD8,2,0
7752756F8C62,3,4
776FBF88E6FF,2,0
7770B90F2FEF,4,0
777E8CA790B3,1,1
7794085FE26D,1,1
77947A3CBF0F,2,2
779F2D5A9B6D,3,2
77C40DA262AC,3,3
77CF3644F240,1,4
77E61AB52214,2,2
77E7C5CFF241,4,1
77E95471DE20,2,2
77F943B02A60,4,0
7804C4E627BF,0,2
780B302C5523,0,3
780F45FB6F2D,0,2
7811131302BA,0,2
7811A36C87ED,1,0
7820048B53C8,2,1
7863164BA896,1,4
786C86C9ACFE,3,4
7879F32BC3FF,4,1
78B951722074,0,4
78D5951B96C5,4,2
78F10D62A0DC,4,1
7903205CD088,4,0
7915BE25917E,2,0
7927FA99C0AD,3,0
793379D7FAE6,3,0
793517BB1BB3,2,2
7942E0DE4B51,4,4
794A0704B01C,2,2
795558799D7A,2,2
79662DEC0A1B,1,0
79766A7A3911,1,4
79887DA7C1B1,3,3
798A81F6D572,4,1
79B23EC7E834,3,0
79C245E3C9C2,2,3
79E32F48A399,0,2
7A0C11980EB8,0,0
7A0F4648B341,4,1
7A2D0B189298,4,1
7A347C69D3D1,4,2
7A3E4D5F7F6D,1,0
7A40839A44E2,4,3
7A532625FFDC,3,1
7A86EA9E70AC,2,0
7AC66E0CFAAA,0,4
7AD34830967B,1,3
7ADE90498A72,4,0
7AFEC882B9F5,0,3
7AFF516471C0,0,1
7B0D23FCA29B,0,0
7B1981581BC7,1,1
7B52C05A4BDB,3,1
7B5D27D241EA,4,4
7B64BC831CD9,3,2
7B751C9BE162,2,1
7B9A897C5297,1,4
7BB7EF3AD4C6,2,4
7BDF02EBF9F9,2,3
7BE2D386E765,4,3
7BE3B580C5DB,4,0
7BE3FAF66A0C,1,4
7BEB99575D62,2,4
7C057FA3B1CA,0,3
7C06DE3320C2,1,1
7C32A43580A5,3,1
7C499255C798,3,0
7C4E2E967B41,3,3
7C57BE3EF6BA,1,3
7C7D34EB1627,0,1
7C8094BF63DE,1,2
7C8B867A0A1A,4,3
7C929E4D63A5,4,3
7C9AA3346458,3,3
7CE58A7E90FD,0,3
7CE8F3872E67,4,3
7CEB4836BAFA,1,1
7CF45AD6A333,0,0
7CF49F831E85,4,3
7CFABEFA5DFA,2,4
7D08A1D7086A,2,4
7D14E283380C,1,1
7D378AEFD0C3,3,4
7D462AA4E1FC,0,4
7D577B9D3888,4,4
7D5909D8FBA3,3,4
7D59699BB70F,3,1
7D5D980FD05F,2,4
7D681EE99FF3,2,3
7D6BE3FB87CA,0,2
7DA8E80C2FAF,1,2
7DF12B42AB72,0,2
7E0264CD0ADF,3,4
7E026B760EA0,4,3
7E2EF53A56BC,3,1
7E3CDEFECEC6,1,2
7E3E96B4F614,2,1
7E4687A7CAB1,4,1
7E492FFD9778,3,3
7E54AA9ADF2B,3,2
7E6236F28B06,2,1
7E8238B5BA1C,4,3
7E873F1E93C2,4,4
7E97F03304F1,4,1
7E9D8E4921CD,3,0
7EA97A6ED4C7,0,0
7EAB25FDB984,0,2
7EC34F21069A,4,1
7EDF56FCB4AC,2,1
7EDFBE24CF70,1,3
7EE7A20BBBD4,2,0
7EEAB865D2C9,1,2
7EEC3E21D0C6,2,0
7EEC55B04308,1,3
7EECF753189D,1,3
7F01B2A58AF8,4,2
7F220FD6CACF,3,3
7F2C6238F4AA,3,2
7F513E5DA945,0,3
7F62201FA024,1,3
7F63036D0C59,1,0
7F6795CE405C,4,2
7F89720B3C67,4,4
7F8D472D06A1,0,3
7FB02EF0CF58,1,2
80031EC3D9B6,0,1
8003F62C4A0C,4,3
801C34D883FD,3,0
802C65A883AC,4,2
80373BDFB665,1,3
8058E20D84BF,3,3
80591C680EBC,0,4
806100760821,1,2
80619550D955,1,2
807DA420BA94,1,1
80875397FA07,1,4
80889A79B329,4,1
809AD723F37C,3,3
80D39980B802,1,2
80F8A9574B21,3,1
80FC88FA6032,1,2
80FE1A70F85C,3,1
8102E7EE3D09,1,2
8103123D75BC,2,2
8105CDA99A3C,1,2
811B878CE2C1,2,1
811DE32FCE53,0,1
81587E82D64B,1,2
815D2A09CF1B,3,4
81745F5FFCB9,0,4
81A4938D3986,1,1
81B0FFE6659F,0,3
81B6F6345F55,3,1
81BC51842FBB,3,2
81E51029477E,2,1
81E6FDB0A4BB,0,4
81EB648B5B51,0,0
81EE0A1746B9,4,3
81F1DBD56E0D,2,2
81F537995AC6,4,2
8212DA6D0656,1,4
821366C0A216,3,1
821972DE4E6C,4,1
821EFD80EE4D,0,3
82223F37DDCC,3,4
8248E7E6E2A0,2,0
82514A286403,0,3
827472D8F8A9,0,1
828FD0B64062,2,2
82B175592A9D,1,4
82B39D03262F,3,3
82B3CF7114C7,3,1
82BB2259D709,4,4
82BBC3EC5C3A,1,3
82BC11EA5744,1,1
82F7210163B5,4,0
82F91FFC49DE,2,1
82FD6318B4A5,0,4
836389DC45F4,3,0
836A3BBFA12D,3,0
8387BDBA7F9B,2,4
839FDA058989,1,1
83AE9B85F6FD,2,0
83C1CC6938F4,3,2
83FB519F21F2,4,4
84305C417C4B,3,4
8439B0D3B7DC,0,2
845DB3AC386E,1,2
848CD0BA745D,3,2
849228E9ADD8,2,0
84AD2A5BF53E,3,3
84CA98DC9D16,0,4
84D821F541E7,0,0
84DA3A4E84CC,3,3
84DB11599420,0,2
84DC528FB9BC,0,0
84DE135F319F,0,0
84EC5D05E3E2,1,4
84F4ACD3C467,3,3
84FFEF07FB0D,0,4
85004BC426B1,3,0
850401568E9C,0,4
851B84DCDFCA,2,2
8521B650F8A9,3,1
852FFC3A2437,1,2
85417E9C78E7,2,2
855398650C01,4,4
8555ED31A266,3,0
8563982CE8C7,0,0
8579CD3051BD,3,1
85808F0851D8,2,1
8586AF2475F3,0,1
858751B7BB17,4,0
85882575BD1C,2,1
85983B2516C5,3,2
85A320C7B916,2,4
85B22ACB7FBC,3,3
85B74EF4E441,0,3
85D4CB998D62,0,3
85E38E898579,3,3
85F4C57672EA,3,1
85F71FCFED32,4,1
85FD6510C00A,3,2
86052928ECB9,4,1
866DBF36BC7C,2,3
866E03D00129,2,4
86A3A166AA67,4,0
86A511A55117,1,3
86D1F207868B,4,0
86E5ADAE8206,3,1
86FB71F29A12,1,2
86FD29FA8938,2,0
86FFB72A8AE3,3,4
870D9B35F20A,4,4
871287046F85,1,0
87186C957B20,1,3
87258EA0A73C,1,0
8727FFFF8441,3,1
872A3AAEC127,3,1
87328D07C574,3,2
8732FA1BF586,4,3
8745FC479838,2,3
876A650B692E,0,3
877D0253BD80,4,3
877F6174E222,0,0
8783DB652376,0,1
878BE2C1F6FB,0,1
879F0C1C09CD,3,1
879F248F7934,0,3
87A3A28A5EB8,3,2
87A6EF3113C6,0,0
87A974F87B12,0,2
87AF2FEABA83,3,0
87EF1E52C4E6,4,0
87F529DB9D27,1,2
880F6C543080,2,1
881F756EF94A,4,0
882808C92A6E,1,0
8836AD393A34,2,3
8842FE99EC98,3,4
8855A0898835,1,3
887BBBE0CCC5,4,4
888D36BD7FD3,2,0
8892A2EB9E0C,3,3
88AF43473E2F,1,2
88B016E70B03,0,1
88B8F8666DA0,2,3
88BEB108EA83,1,1
88DD3D58EA57,1,4
88E81B040A5A,3,1
88FC05DDCC92,0,1
88FD7FAAFA90,2,1
89039D21E960,4,2
89163FC7FAE8,3,2
896F322AE281,3,2
897004C788FB,4,3
899E6252BD6F,2,2
89A2F3489EC7,3,1
89AB334EE7ED,2,2
89C55AA2CA12,4,4
89CE2C3E8E32,2,1
89D979169B57,3,0
89EE36DCF117,0,0
89FC42E46703,0,0
89FCD2B81990,1,0
8A3F92425ECC,0,2
8A4D99910F10,4,3
8A60E09A7062,1,0
8A63149E402C,2,0
8A658A988B96,4,1
8A745CBCD81E,3,4
8A8B13591181,0,1
8A8F6BCA1D23,1,0
8AAA87E056FD,2,0
8AB22571E72E,4,2
8ABA260B3B98,4,2
8AC3B251DDDF,0,4
8AEFE911A7ED,2,4
8B095EB24288,4,2
8B19F3C51A0E,1,1
8B24D2970F52,2,2
8B2B8A57D84B,0,3
8B4A0DD4A3AE,2,3
8B4BBB3F601D,2,3
8B5A7E5D7BB5,1,2
8B64BA63E623,4,0
8B696D4A84A0,0,0
8B7A871FC14B,3,3
8B8155332486,2,3
8B882092B4A7,4,0
8BA0BFC49C4F,1,1
8BA8BA5260AD,4,3
8BBA4BC818BA,3,2
8BBDEC4FD82E,3,4
8BCA72A4D66C,1,1
8BCB7962E7E3,1,3
8BD74B7B3DE2,0,1
8BE2FA4CDD8F,3,1
8BEA456945B0,3,4
8BFA8777316F,1,1
8C0D1A4261C0,3,4
8C10A8ABF46D,3,1
8C155B1DA8DD,0,0
8C15FC3C3BCB,2,2
8C438E75385D,3,4
8C4ED47912C3,2,4
8C55F83A618F,4,3
8C5FF7AD4E99,2,3
8C62721A56E0,0,4
8C9A286F5351,2,1
8CD442C14869,0,2
8D0E03A58CC9,4,0
8D242A52F9B3,1,0
8D2688E8706E,2,0
8D2C20BDCDE0,4,0
8D47E7F9968F,2,3
8D4A0D4CD2C2,2,0
8D4DEA77D545,1,2
8D509BBA7DD5,3,3
8D5DC914F9F3,3,0
8D69369DEDA2,2,4
8D6EE82E31D0,1,3
8D7CBF2251F1,1,4
8D9D207D883C,4,1
8DA0B80420FC,3,0
8DA3804EEB25,1,2
8DE7DB4D3F8A,0,2
8DECBFDC0EB8,2,3
8DFCC03C34D8,3,3
8E6CB58E9762,1,4
8E938A38BA43,4,3
8EB905FB00AD,3,4
8EEB5226121C,3,0
8EF7C2316736,2,2
8EF9BE158AD3,1,2
8F1AF7F5E129,4,1
8F33151F0334,0,1
8F47C4F378EA,0,2
8F4907E2D511,1,1
8F55A0B21609,4,4
8F6F0CD4986A,1,2
8F78D1ABFDB6,4,4
8F7D96205308,0,3
8F85E4509835,4,4
8F899DE6880E,4,2
8F8BCC081DC6,1,2
8F8E1AECFE27,0,2
8FA202BD4570,2,0
8FE2640ACE99,0,3
8FF749312D49,2,0
8FFBD4C432B4,2,3
9000217714BE,4,2
900A879708F0,2,4
90212225F733,2,2
902A59ECB525,2,2
90345B5B064D,1,3
906B27CFFFA0,2,3
9071D5352B7E,4,4
9072C97C4481,0,4
907316B4566B,2,1
907B493FEF99,3,4
909404A6C673,2,1
90981BB41313,1,4
90A95275B80D,4,2
90B7EBED2F5E,2,1
90BC4A0EDED0,0,4
90CA5D1644D4,4,3
90F40592D04C,3,0
90F9C06E19BC,0,2
910B844ACCA1,3,0
912848EF6E5E,4,4
9151F588041F,1,2
91546651749E,2,0
915D19B0AB77,1,3
915D9EE27FFB,2,1
916117BFE2A1,1,4
9165D265E932,4,1
916958737B60,3,4
916E7E75FC4A,3,3
917E4889D3EF,0,4
91962F622C5A,0,1
91AEF41A3766,3,4
91B00B44402B,3,3
91B1F82B2CF1,4,3
91B2B7072E51,3,4
91BE694E60E0,3,1
91E61EF42E33,3,4
91EDDCB68A9E,1,4
91F40B0CFCC3,4,0
9207F5E4EA09,4,0
920DC8B0BC4E,3,1
922293101A74,1,1
9224F001F074,1,3
922D3C44BE46,4,3
923CD5D638A8,4,1
9244152BE347,0,0
9247667DBA49,0,2
924D8175D100,2,1
924F1F4490F9,2,4
924FE77F61C9,4,0
9263362F551D,2,1
928548A07586,4,2
9288FF19115E,3,4
92909B8C3BF4,4,2
929CEA8DDB32,0,4
92B43D8267C7,1,1
92CB9173A201,0,4
92E97E947628,4,1
93106B20FE87,4,0
93203D30E46D,4,4
9329A9DD13F2,1,2
9343CC458B7E,2,2
934980B8A79A,0,3
939718B6780D,0,0
9399DBE21A35,4,3
939C163906D1,3,3
939E66CC3A0C,4,0
93BD4F6919DE,4,4
93C0100883BB,0,4
93D2F780054B,3,4
93DC556B7C04,3,2
93E10E079796,1,0
94000E9DF26E,2,1
942ECB176B3A,1,0
9447D5C6EA03,1,1
944FCD948396,2,0
945820293694,2,0
945CCBB52DED,1,3
945DC098A326,3,0
946C874A9CCD,2,4
9483857CAA80,4,0
94A8B4DE1712,2,1
94B72A7C1E6B,2,0
94DF4BBF522F,2,4
94E1D46A0544,3,3
94EFC5F3ABB2,2,3
94FE94B27DCD,4,2
9500B623A6AC,3,3
951BF63BC21A,1,1
951F417BA64F,2,0
952CB87D4897,2,2
95765CEE7D74,0,4
9579E25F6CCC,2,1
957C84D3B1F0,4,0
957EE90E67F9,4,3
95874BE012EB,4,3
958BACFAF66B,3,0
95A558C8882D,3,2
95A6F680F078,1,4
95AF46110F14,1,4
95BC127CB3A2,4,2
95CB51270760,1,1
95D1717166FC,4,0
95DC8A3C2EFD,0,1
95EE2E824EB6,2,2
9604D30A25AB,1,2
96141BA9C7BA,0,4
9615F113FAA1,4,0
961D937626F7,2,0
9627B47C10DE,2,2
9631D2A1BB2C,2,2
963859B3739B,1,0
964639CCF90C,4,3
96A010A50052,0,4
96B312BD472F,1,0
96B8F7A4DAB9,0,3
96BF2953ED8F,0,2
96C077AC2014,0,3
970171A0AC8E,1,3
9706F8E7D534,1,0
970A1848B187,0,0
971158C1AE69,4,4
9715D8D6F842,0,0
971D0C1C75F0,4,4
97249F8DF48F,1,1
974383195606,4,0
974C176869EC,0,4
9756E31C449F,3,4
97622A00565F,1,2
9780A12FCE0D,2,2
97A158DCC4BF,4,3
97A5F803C874,1,3
97A6E516249D,1,0
97B417D0B9D9,4,3
97DD2D770B03,1,0
97E7DD4E7C69,1,4
980850873AB7,4,0
985A02A10642,4,0
9865A4972C51,2,3
986C125C24A1,1,2
987ECCF90CE8,3,4
9888F16554D5,0,2
9893E88CAE61,4,2
98A2AD61198B,1,4
98B33A9F1D9C,0,1
98B95C21BEF8,2,4
98EB307EB4CC,2,1
98FD2BF096A9,0,0
99037D0468C8,2,2
99216EEE458B,0,4
9922F6B9A55B,3,4
992AD0F505B0,0,1
995330686089,0,3
996E2B328D4E,3,4
9976385A501C,3,3
997D5145CB33,1,2
99863EAC8F7F,4,0
998A405C5352,4,4
998B12C291DD,3,2
998E0F68318B,1,0
99C25C797D74,0,1
99C687C4B554,3,2
99C8EAF5A468,1,1
99DD22237B48,4,2
99E3E923B36F,1,0
99EBD3D71311,4,2
99FD4F79B07D,4,4
9A0972A02B2A,2,1
9A0B8CB86C16,3,1
9A12F67BA18B,0,2
9A17574BAA2D,2,3
9A1DC81E4FB5,3,1
9A529A48D35F,2,1
9A5ED3C1D48C,2,0
9A79069BB83A,0,4
9A7E9F3D7FA9,1,2
9A7F7ACCC1D9,1,3
9A8B992CE622,0,1
9A9C3C57D474,4,1
9AA193ECC201,3,2
9AEBAA2BE62D,3,2
9AED08D70C4C,0,1
9B0344F83C66,2,1
9B55594B1361,0,0
9B94E6359412,3,1
9BD577FF5D3C,0,3
9BDB556267D8,2,2
9BEB8A30BE1B,4,0
9C0B44764ED8,2,4
9C1132980450,1,0
9C22F6D8C827,3,4
9C2E6F09CC73,4,1
9C4444C557FB,3,1
9C480C68AA9B,4,2
9C6C90C996C5,0,0
9C88B308AF78,0,2
9C88FA75BF98,4,3
9C95AF195D21,1,0
9C9F8BC72552,2,0
9CA73E4BA19F,3,1
9CB26CEEE2D7,0,1
9CC05FDD1C8F,1,3
9CD92F1E2599,0,2
9CE197B2A9F9,4,3
9CE836599EEE,0,3
9CEF76DD7310,4,0
9D0934987831,1,4
9D254F20E5D8,1,4
9D42FF4BDA82,0,4
9D7DC07877A6,4,2
9D8B3825C355,2,0
9D967AA72C96,4,4
9DADB9F1BFFB,2,4
9DB4A7109AAE,1,1
9DBB8B0C3367,2,3
9DC1EE4E5674,4,4
9DC3CADE8953,0,4
9DCA96730E4B,3,1
9DE0959F746D,0,2
9DF8A166D993,2,3
9E1B8D4EA6B0,1,4
9E24FDD5A196,1,2
9E298AE3C1C9,3,0
9E2E1FDE4D15,2,0
9E329AE0D772,0,2
9E3A10CC0A72,2,3
9E4F43374DD5,1,2
9E502030CA7E,0,1
9E61674DE1D4,1,3
9E6D1C0F5762,4,1
9E924CD7FC66,0,4
9E93D3D95C5F,2,4
9EABE5CEBE94,1,1
9EAD1B4831C7,3,2
9EADCECA2FB8,1,4
9EB66AB2C95F,2,3
9EBE86E9B255,3,3
9F0C2B822B76,0,1
9F5DFC4C8BAE,1,1
9F7080A8AC9E,2,3
9F71393177F9,0,2
9F73A77C612F,3,0
9F7BAFDB7636,1,3
9F7BBA5FC646,4,3
9F83C5864EB0,2,4
9F9FBC5BF6B3,4,0
9FA7B30CC4D1,0,1
9FAA72C47BB0,0,4
9FBD2D259388,2,4
9FC7CB71EF7B,2,0
9FCA0338E29B,1,4
9FCF0C8C83C3,3,0
9FDB425F1FE9,4,2
9FE339BCFE2C,0,1
9FE9D9EB5111,3,2
9FECD0D50903,1,1
9FFC1CFE7CD9,0,0
A0181C244D0D,0,1
A0215B1294B9,1,3
A02D5B12D66D,4,0
A0448AC8783F,3,1
A053080C69A4,3,1
A0D96DEF2ADA,0,2
A0DEA37279E9,2,3
A10226201F3A,0,1
A103E161D9C7,4,3
A11991A7C4CE,4,3
A1274B901F55,3,4
A135E9280900,4,4
A138DF27F153,1,2
A143BE759AD2,4,2
A148C659E98B,1,1
A15649448050,3,1
A156FB0E388E,3,2
A157CD4FC4C8,2,3
A157D4491C7E,1,0
A15A51E83757,4,4
A165EEC2E930,1,3
A187E6D70752,1,1
A1F48D16C67B,1,4
A20D6E252177,2,1
A2237589F0FE,2,0
A23FF67A91B5,3,4
A24EFA2DE8DC,3,1
A25EE918057D,3,1
A272AD6BD9AF,0,2
A279E174CA64,4,3
A27F852ECCC3,4,3
A28E9B475935,4,0
A29CD7941E1D,4,3
A2A749DEC4BE,3,3
A2A80E683990,2,2
A2A9327526F7,1,1
A2DAADAB1433,2,0
A2DAD0A2B796,0,0
A2EA2EC609DB,1,2
A2FA635C9590,4,2
A30020B4E5DB,4,2
A3041B0D7D5E,3,1
A3047C282C45,1,3
A319351F1036,3,4
A32414F5B216,2,4
A32A838D1C3F,0,4
A34F66AA1F99,0,2
A37EC2666F34,0,3
A38187259EEE,0,0
A38F35A9F711,4,0
A394F82B98D2,0,3
A3960A410B74,2,3
A39A5B1F2538,1,0
A3AD25786D36,0,0
A3B1F9DB5721,1,3
A3B7147D30B1,3,1
A3BB032558E2,3,0
A3BFEB7818C7,2,1
A3D23CFB2043,4,2
A3D4D71B62F4,1,0
A3EA9A580A6A,0,0
A3EF457B5F61,0,0
A40F9F8D7CFC,4,1
A4104F998C73,2,3
A42A600EEB0D,2,2
A42D860C93B0,2,0
A43D4896E15A,0,3
A44D40ED0F9B,4,2
A44F6859B4D8,1,1
A451B2D00666,4,4
A455B4430327,4,2
A478B81F277D,0,0
A47BE7BB6F08,1,3
A49E1A5FA91B,0,0
A4ADCC04C319,3,4
A4C33694BE0C,0,0
A4C9096A123B,4,3
A4E6E2D5658D,4,3
A4F0BACE1010,3,3
A4FBD7A27089,1,3
A500CCF711B0,0,2
A50C90D2A2A0,2,3
A55300746CE7,0,2
A57F5B6E1247,4,2
A588F05DC41F,0,1
A59032F47FAE,2,3
A59C88B945A3,0,3
A5A55FE930C4,2,0
A5C943C27546,4,4
A5DA0D5410DE,2,0
A5DD0CEFE045,0,2
A5DDC612408C,0,2
A5F662EBF690,2,1
A5FBF588B2F4,2,4
A602D45D22B2,1,4
A615D47180DF,1,1
A61D07193089,4,0
A620127943B6,0,0
A62EBECE741D,0,0
A63EC24F1DD4,2,0
A6504C463F7E,0,1
A6527612255D,2,1
A65A82E9C85D,2,4
A66B5A9D1F00,0,4
A67828F23302,2,4
A67A947BBFB7,4,1
A67D3F549FAD,3,0
A681057AC54F,1,0
A68BE59D62B4,1,4
A69B61336132,2,0
A6B380D5DEBB,4,1
A6B490224E67,4,0
A6CD1CF86FC6,4,1
A6D70DC96AB3,2,1
A70FB3B842D7,2,3
A723DDC8ABF0,0,4
A737705B81A4,3,0
A7431EE1E25B,2,0
A7642F5617E0,2,2
A774A4991BB1,2,2
A791047275B9,0,1
A798DC70F3FC,3,2
A7A467BDEE14,4,0
A7AF38D7EB8F,2,1
A7B069D3B600,1,0
A7D201133DAD,4,0
A7EA8CF2F203,2,4
A7EC6F462F8B,3,1
A803835B8164,2,0
A814BD710140,2,3
A817C51F0787,0,0
A831BFD2DCBE,2,4
A8411CE08C68,3,3
A850DCCFB6DE,2,4
A860BB507256,3,2
A8683674019F,2,0
A8A25F94F5B6,0,1
A8B4C79F9954,2,2
A8B5DBFB7936,2,4
A8BBE9026DC2,1,1
A8C8456C352B,0,1
A8D21847EA6D,1,1
A8D9AE4B4259,2,3
A8E73414941A,1,3
A8F2D9005A0A,0,3
A8FD11F16108,1,2
A90D70556372,2,0
A9105216AAA3,4,0
A91A08E523D5,3,1
A924B3431D21,2,1
A92899103F3B,2,4
A93C6DA5B026,2,0
A93FA7E8FB81,0,1
A954E3B54194,2,4
A95B8B50E0C1,2,2
A9694C187893,2,1
A969E6903C17,2,2
A96CC7C93B2A,3,3
A98E8EFFC8A9,0,1
A9B0314D6914,0,0
A9D670ADCE41,3,2
A9F45F81526E,4,1
AA01A40D15DA,3,0
AA0660FA9196,2,2
AA0B42CF00A6,1,1
AA0FF7AA95C3,2,1
AA23423F78A8,1,4
AA3205AA362D,3,2
AA3A35044E77,3,2
AA3F8EC40764,4,1
AA42E3966A3C,0,2
AA45F6AB9AA9,4,0
AA4620DAA6CF,0,4
AA6AAA8F8407,4,0
AA7A452C4D9F,3,3
AAA72CBAC7F8,3,0
AAA9670F8168,2,0
AABDFA8D20B1,2,1
AAE4139C25E1,2,4
AAFC3D84F9A1,0,4
AB02689C1A9B,1,4
AB0403712FA9,2,2
AB127AC65E33,0,2
AB199403D486,0,2
AB1C30F7B3FA,2,1
AB2D3DFD55CD,2,2
AB3622039528,3,3
AB59B37ACAED,4,4
AB5D516FC4C3,1,2
AB5D77D7E5A1,3,4
AB741655902E,1,3
AB8BE95ADDD7,4,2
AB8EFBD82820,4,1
ABB7625615F2,3,2
ABBA50242CFA,3,3
ABC4770058F6,1,4
ABC648A86887,4,2
ABC9EBAB6670,3,0
ABCAF2A8A893,4,2
ABF484B46756,4,0
ABFE420BA213,0,1
AC1E6307E966,2,0
AC2463899B0F,3,0
AC38AA9C5E8B,1,0
AC470B5D0675,2,0
AC55C74991AC,2,3
AC588B53A805,1,4
AC5AEE18D31E,3,1
AC5F232F9F99,4,2
AC71A062B952,1,4
AC78193CD7B9,2,1
AC7C84C2A13E,2,1
AC871BBF14B5,3,3
ACA08DBF39EE,1,2
ACAB1FCA0A30,1,2
ACCD71550365,0,0
ACCEC5D34B36,0,3
ACE3E472041C,4,0
AD005493F9BF,2,3
AD1914496798,3,3
AD3C6F02167E,0,0
AD3FFB7CA387,1,0
AD53B357BD0D,3,1
ADAE8A21CE9E,1,3
ADB68BCD2874,4,0
ADBB29D9E179,3,2
ADD7CE85B73C,4,3
ADDA081EE98A,1,4
ADFE2CDB6FF1,0,2
AE0BBF382263,0,3
AE37AE3F79C7,0,4
AE3C9DE4FA94,4,0
AE3CD422AAF4,4,0
AE587E8BC0D3,2,3
AE5D214AAC85,3,1
AE6BABB53D5E,2,3
AE6BE874B204,0,2
AE6E407DC359,0,3
AE7DE878CED5,4,2
AE8CA585DC1F,2,0
AEBBFD25000D,3,0
AECB1177BDC1,1,1
AF0BC75F4DBC,4,0
AF1C86BFDC2D,2,3
AF345723174D,0,0
AF3D63DA7CB4,3,2
AF4796CA4BC0,4,0
AF5C9DA63FB1,4,3
AF637B7047FB,0,0
AF66DEECF5A6,0,2
AF6EA8391841,4,2
AF90C62BA52D,0,4
AF9AAA672210,1,4
AFBEA4BA2D3C,1,0
AFCE5307F69A,3,4
AFCF10293B9A,0,2
AFD739EDDEA9,0,1
AFF882607973,3,1
B0007528CB4A,0,0
B000D7B81799,1,4
B02A4DDA8FC7,2,2
B02AD8EE0DF0,2,3
B05A40461916,2,2
B07E96B9767C,2,4
B07F2237C606,0,4
B082F1A267EE,4,2
B0846915EE1A,1,3
B095598DEE04,2,3
B098FABF15D7,1,3
B09E38E0E8EC,3,1
B0A08E744DF1,0,1
B0AD7021AB07,2,3
B0C3BBF86B9B,2,1
B0C80C0550D7,4,1
B0CA3173B40D,4,1
B0CCFA21F82C,4,3
B0D5228E9FBD,4,3
B0EA4F7B076C,3,4
B0EB441FDE3A,4,1
B0ED18C04F15,0,3
B111395C3C6E,0,1
B119CD1A5145,4,4
B127CFD81E92,0,0
B133FCABD0AF,4,3
B1473F247979,4,3
B150E66D6C5B,4,0
B154F5F9DADF,0,1
B15AE8E4985E,1,4
B15AF429027A,0,3
B165E46F2D0C,3,4
B1687066F985,2,0
B168CD238CA1,2,3
B181B21A4FA6,3,3
B1A87B210C0F,4,4
B1E87F6E9C5A,0,2
B1EBAAE6E651,2,2
B1F07D72CCB4,1,2
B1FAD06077ED,4,4
B211B7A637A9,1,4
B216794ACCCA,2,4
B237EA09433F,3,0
B2426E4674E7,3,3
B242BB046FED,4,0
B24EE1A93A0B,2,2
B25D365F5C1C,1,4
B269D53897D9,0,2
B27585EF3751,4,3
B286EEAB83F6,0,2
B28B37BFCC03,2,0
B29198FD0748,1,0
B295BC411B70,1,1
B2C131C2B3AB,3,1
B2D57A646363,0,4
B2E85A9A8F9C,1,3
B2EE7ADD5BFA,1,3
B2F69B97BC2A,1,2
B30F7524C444,0,3
B3176BB24009,4,3
B321A3B98AB5,3,3
B3249050C067,2,0
B32F41984B27,0,0
B3388EF1E80C,4,0
B3526897360F,3,0
B3541C7B8380,1,1
B35CDBFBD6D1,0,4
B365484CCA8F,2,3
B36C72D38CBC,0,2
B371C925A2B2,0,1
B37483011EC6,1,1
B374D93D2A76,0,2
B37E64E1BE1E,4,0
B38CEB26C2AB,0,0
B3948CC26153,4,2
B3963F9DB39C,4,3
B39FCEF07F51,2,4
B3A666840EE1,1,0
B3A830730FB7,2,3
B3AB4E6C5678,2,3
B3CB635C4341,3,1
B3DCC9D9797B,0,3
B3E4B633261B,2,0
B402430B0616,1,1
B4025ED10B7E,2,3
B40DD5822E7E,3,1
B40F33AD93D5,2,1
B414B1D87DD6,2,2
B430B6820321,1,0
B437EB073109,0,1
B43F583ECE54,3,3
B4528CE5BB12,1,1
B45B48157399,4,4
B460B20EE678,2,1
B471DC1A142D,0,4
B4994C771190,1,2
B4B605F897BC,3,3
B4C4BABFB290,1,4
B4CB3063482A,2,0
B4FD96336393,3,4
B5015A51C0A5,4,4
B5113469D13C,2,4
B51E027B51AF,3,2
B526BA896931,3,4
B568E9BC99FD,1,4
B56ABAADC95A,1,1
B57C860BE032,0,4
B5A5CFDCE29E,2,1
B5BFAD94E4E7,3,2
B5C606F0A883,2,3
B5CA9C10711C,4,4
B5CBE846C3F7,1,3
B5D9F34D2CAC,1,0
B5DBDEBA4B23,1,1
B60AC5648815,1,4
B64326635AB6,3,2
B64898B85B89,3,1
B651AEF954C3,3,1
B654298A5760,0,0
B65873355FA8,1,4
B6754C50B4F0,3,0
B6813C0A2302,0,0
B6B2D2FC8F3D,4,0
B6B384CA5F18,1,1
B6B7196E454E,4,1
B6C009160238,0,3
B6D6666FEF89,3,3
B6D776FC5087,1,1
B6F03D0CEABE,3,3
B7075CD10BCC,3,0
B709F976724E,0,3
B717EF32EE00,1,1
B727B720430B,4,3
B72D0B4875B4,0,2
B736B35EC849,0,1
B73FE4F761D2,1,4
B7685AA86F85,2,0
B7819FA33B21,3,3
B78889CD7103,1,2
B78A347F570E,0,2
B799DAFE0950,4,3
B79ABAFC71D1,0,4
B79D1BD832C1,4,1
B79F66D2BECA,2,2
B7ACED7ED339,0,1
B7AE34990F95,0,1
B7BC85276656,1,1
B7BD520BE938,3,3
B7C17E1993BA,2,1
B7C3128E0973,3,4
B7E1A842F675,4,2
B7E3F460802A,4,0
B7E936A82959,0,0
B7EDCEA9137B,1,3
B8066E8A285A,0,2
B83D6D54324F,0,3
B84458707731,2,1
B8476CE22AF9,3,2
B84A7F39D6A1,4,3
B866BB794434,4,3
B867F487B9F3,3,2
B86BB171770C,3,1
B8757E80EB9D,0,4
B87D59512568,4,0
B87E8822B2D2,3,2
B884018E887C,4,0
B89BB1FC1E1F,0,3
B8B5B46DA523,4,4
B8B64FD4EF6B,1,0
B8D49BD571C2,3,3
B8D9250543E0,3,4
B8EAF80A1409,0,2
B8FB806ECDA3,0,4
B902933C58CB,1,3
B90C8C40C0A0,3,2
B91A56C03A1F,0,2
B91B697EB28E,3,4
B91C344934D2,3,1
B9347CDF2461,4,4
B93581E854BD,3,4
B94059412B2C,2,1
B947F9493FAF,2,2
B948C72229B3,2,1
B94E4F75BA1D,0,1
B9540E358F73,4,0
B954492209C4,3,1
B962DFFBD558,2,2
B967FC913839,0,2
B9854217BB04,4,4
B9871E7972A3,4,2
B989ECD8F137,3,3
B996860E00A4,4,1
B9B45507DDF8,3,0
B9B653AD964E,2,3
B9C3E87E3FEA,2,1
B9CA103F2BF9,1,3
B9E26FE6A3D7,0,3
B9E9DC1D176F,2,2
B9F4BF3DC949,0,3
BA0183CB23C5,4,0
BA117C57D525,2,0
BA1F4C988D94,4,0
BA2C7291BBFA,4,3
BA47D0FEA751,2,2
BA591AF1C837,1,1
BA71F335957F,2,0
BA8756AB310B,4,4
BA881F8A8909,2,0
BA8BE010BFC6,4,1
BAAE75D65C1D,2,3
BAC30ACCEEFF,2,0
BAC5264E2DCE,0,0
BAC681996825,0,1
BACC53ECC1FB,0,3
BB27E087BE9E,4,4
BB3A6C2D0B65,3,0
BB3EBEF87BBB,2,3
BB4A53A0A9E0,2,1
BB4B5D896E96,4,3
BB5B7EE4A1A6,1,3
BBBC74680147,0,3
BBDA39C84AF7,1,0
BBDD46456082,3,0
BBE0D2A103B3,1,3
BBE1713D653B,4,0
BBEE06BD484C,1,3
BBF34C059226,0,1
BC0D8223C604,4,4
BC0D9F77A3DA,3,3
BC22AA8852AD,0,4
BC2333002957,3,4
BC2CAB7DB6F0,0,1
BC73CEB66875,0,3
BCA57CE2AFA3,3,4
BCEBA1D60DFD,1,3
BCF95C5F4A60,3,2
BD0D555216AB,2,1
BD195459F3B9,1,1
BD3AE65B1740,4,0
BD7F5D94AFED,0,0
BD891970FC4A,3,3
BDA93024CF81,3,3
BDAAE2AE7BA8,3,4
BDC4070CF21E,3,0
BDCD981437BB,2,0
BDE08546F7EE,2,1
BDFEDD161F03,0,1
BE0B11659D82,0,4
BE1F20C5B099,2,0
BE243683124A,4,1
BE24907D6684,3,4
BE464F52C63D,2,3
BE58ABE09429,2,2
BE5B1803777E,3,0
BE604A32144C,0,0
BE694C1289EF,1,4
BE80D73EC131,4,3
BE88F40828C4,3,3
BE8F32C4B3BA,1,1
BE94CF981273,4,0
BE9881C4920A,3,1
BEAA8D8A3EFD,3,0
BECA14914CFB,1,2
BECFCA5BFABD,1,3
BEE54D4D2B79,1,0
BEF460B090E0,0,1
BF0241C10324,0,2
BF070C66EE96,4,1
BF295AF91B15,4,1
BF2B46872736,1,1
BF3CC3305C55,3,0
BF5E801B7FD6,0,1
BF619ADE9BF4,3,4
BFA4685DCDC6,4,4
BFAC540BF099,2,2
BFB12A13E437,2,1
BFC4CADADD49,2,1
BFC824D7C408,0,3
BFCAD70D40B7,1,2
BFDD411D610F,2,3
BFEA78A024A9,4,4
C02B1D9A374B,2,2
C0542F9D82BC,3,4
C05809232F0E,1,2
C0611756DF81,0,2
C06AB6F566C8,1,1
C06F7CD8DD21,0,1
C072AE8A1572,0,1
C0767A86EFA6,4,3
C07E3C23CE7B,0,4
C086B02B3B90,1,0
C0897AC15921,3,2
C08ABCCFBF4D,3,2
C0AC393B1DC9,2,1
C0AC797246EE,0,3
C0B83D85BAFD,0,3
C0BA22AD7F2A,4,4
C0BA2FA545DC,2,1
C0E55316F183,4,2
C0E94C60E7C5,4,4
C1043F3C0609,3,2
C105434DA2CA,0,3
C10C521A47C3,3,3
C133EB596A40,4,4
C13F7CD75B84,3,2
C162431F429E,1,2
C1CC3C045CCB,1,4
C1D354F07E03,3,4
C1E2F0C453B3,3,0
C1EAD0C50570,0,1
C1F74C98535E,4,0
C20C1032FA1C,2,0
C21E1457C1D4,2,0
C23BD7FF7DD7,4,3
C24C0AF54AB1,1,1
C25E3A9AA408,4,4
C268CF77D6E0,4,1
C270B9B6107C,4,4
C28B8FFF66DE,4,2
C295FC9B8627,4,0
C2A49B846D05,1,2
C2A6C69714EC,3,0
C2BAF4ADA2CA,1,0
C2DB3C695BCF,2,2
C2E0FC6F097D,1,1
C2F4EDC43D71,2,2
C30B2AD4AF0A,0,1
C30DD2DB1F70,0,0
C3194A4504F5,1,1
C319BB7948FB,0,3
C31E318BE4C1,4,0
C323ACC08DC7,1,1
C33B92E8D3FE,0,2
C380E7F27492,2,4
C38334385924,3,0
C39C5D9C9ED8,2,4
C3A3146784DC,4,4
C3A369E86900,3,0
C3B3A972189C,4,2
C3C4D847175E,2,4
C3D4F36886E5,0,2
C3EEDCA21B42,4,0
C4008B4496ED,3,3
C405CB0C12D2,1,4
C4118746172C,4,2
C41CDE2FD0F5,3,1
C42978129AAC,0,2
C42EBA5B3529,2,0
C44019DF831B,4,4
C44A40CDFF3A,4,2
C4804C3EEBD7,0,4
C48AEB2F1FC2,1,1
C48F269A6ED8,2,0
C492123F426E,1,2
C4B52CBE6186,1,0
C4C3A58C5939,0,4
C4C6482B9C24,3,0
C4CE39433C61,2,3
C4F0E1CA18F0,4,1
C4FC27B38A8F,4,1
C5021AF61E5F,3,3
C513DCACFD01,2,1
C5162A975732,1,2
C51752A9035C,0,0
C51A802386C6,4,2
C536086A1C31,4,3
C5382404A84B,2,2
C555B9B02440,4,4
C5569B2725B4,4,0
C55E6125411D,1,3
C579A4D6151E,4,3
C584DEDB2BAB,4,1
C5A3278EB458,2,1
C5A56B482FAA,3,0
C5B3EC7CBE65,2,4
C5B52323339E,0,4
C5C6DED9C790,2,3
C5EDEF3A8C35,0,0
C619833B1D5D,3,0
C6204A4BFD65,1,4
C620D8B8466B,2,4
C62E3292FB47,0,3
C65C1B3AA577,1,3
C6B21B6E5767,4,0
C6C49435744E,3,3
C6C50AA537AF,4,0
C6CD02160C0D,3,2
C6DE30757F46,2,3
C70EE5903373,3,0
C71DC2FEAD0C,2,3
C71F197DD70A,1,1
C7373B980F7E,0,4
C74CBEFD0B9E,2,3
C75B9C4FFEAD,2,0
C77B4F63E4B4,2,2
C79753F72EF8,0,1
C7A8E7FB21EE,0,4
C7AD757540AE,2,0
C7C9C01597EA,2,4
C7FA88E9DF3B,1,3
C802F00716E0,3,0
C8126FF37E55,3,2
C816339C4D91,4,3
C81BC69CEE2B,2,3
C822187BF7E4,4,2
C83EB6623D24,3,2
C85EFB28D2F6,1,0
C86A3BBC881C,1,3
C879A485810D,1,2
C8ABD5217114,1,2
C8AEF0F632C0,4,2
C8BF047C67E6,1,1
C8C708EC29F7,0,0
C8D4EB858DA4,1,3
C8E9D6F3C80A,3,1
C8F314FFCCE9,4,3
C8F439DC14CE,3,0
C8FB2508978A,2,3
C8FCE2997372,1,2
C90418EBE934,2,2
C9083A6A4955,3,1
C91254C19BB8,2,4
C9313379E449,0,0
C93DCEE52172,0,0
C955208BEEC3,4,2
C971348C6C99,2,3
C978BF282141,3,1
C987753AC378,0,0
C9962F63C98A,4,3
C996FC0CBE10,3,4
C9AC065BB597,4,4
C9CAB778C94E,3,3
C9CB05ABAE95,2,1
C9D717A3D912,0,4
C9DFA1392E8C,1,3
CA12A5A210FF,3,2
CA2987A57568,2,3
CA2A9DBBA0BC,2,4
CA2C96F5B3B7,0,3
CA4E39042770,2,2
CA4E67209D3C,4,1
CA582B3F191F,0,1
CA5DB05415A5,0,2
CAC4E6021973,2,0
CAD2B46606E7,1,2
CAE2A78F6FF2,1,2
CAE63BBF4546,0,2
CAE7D71D66A3,1,4
CB09A5442145,0,1
CB2385831D75,1,1
CB66B685DAF6,0,2
CB774DEF3A4B,0,3
CB86688CF491,1,3
CBA185D3B277,1,3
CBBDC9BB3F04,0,3
CBC776495BE0,4,1
CBD364987E2D,2,3
CC02E6A858C4,3,3
CC06612E842A,2,1
CC3A5AD37340,3,3
CC4EEADA5262,3,0
CC54E936E3FA,3,4
CC5894978F31,3,0
CC6CFE6D8CA8,4,2
CC787397F33B,4,1
CC82A1D80D1A,4,0
CC96CF4D3854,1,2
CCA7A1220DA0,2,1
CCF1C548FD56,1,0
CCF447CCADB3,4,4
CD0A8E34A5C0,1,2
CD0C46A0B2E6,4,2
CD33A5B0A307,1,4
CD4B9F6B311B,4,1
CD7714C1464D,2,1
CD954674E1A6,1,2
CD9B8F75E2EE,0,2
CDBECBAD7FCE,0,1
CDF2746198CB,4,1
CDF6072AB1D6,1,0
CE0CDCBDFD26,1,4
CE120A8B4336,4,4
CE3B81539AE0,3,0
CE3C25E291B2,1,0
CE5D744B6D39,2,4
CE64FA08E4CF,1,2
CE71F3B528C0,2,4
CE94B3F26D2F,2,2
CE9EB0366069,1,2
CEBC3C34962E,1,3
CEF86741E2C5,3,3
CF0AA3E3DF6D,0,3
CF1345B5E224,0,4
CF43485AE351,0,4
CF84C9D788A9,1,4
CF882151082B,1,4
CF89338D76B5,1,0
CF8F8964A2FB,3,3
CF9FB3659686,0,4
CFA591751173,4,3
CFA59480F8C5,4,0
CFAFADA9A2C3,4,1
CFB5BFF82CDE,3,4
CFC1F5729C6D,3,1
CFCB9135F1BF,3,2
D01060C5AE7D,0,2
D0187B1F88F7,3,0
D040AD700709,4,4
D0432DB2D3A3,4,4
D04FFF579D2D,2,3
D06FFBFCBCE5,0,0
D0733E25A2C7,3,2
D0859D4FA7A8,3,4
D0B2235710B6,0,2
D0B46299D094,0,3
D0B6CE1FA38E,2,2
D0C6EB30D833,1,1
D0D8097D243C,4,0
D0DAA0A3A4EA,4,2
D0DF7AB8B493,2,0
D110D1D93270,2,3
D1183F23D2A6,4,3
D1200B924E51,2,1
D12165A1A427,1,4
D1400AFDC972,1,3
D145F56FADED,3,4
D14F3F93CF54,3,2
D150C1CD72D5,1,4
D1618D180128,4,2
D169E2520168,2,4
D1748C4CD7B4,1,2
D176ABB06812,2,2
D18B9F0D2CB4,1,2
D1ACADAC5ED4,4,4
D1AF5CE5040E,0,0
D1B06A3C02B3,1,3
D1B97A55865A,3,4
D1C16D61C365,3,2
D1DBC69FA526,3,3
D1E865DE0A88,0,2
D1FBC3B9A8A4,4,0
D20BEF9C2CD7,0,4
D228AB564BF6,1,4
D234B31FC8C0,3,4
D23F65F4652B,2,3
D242BBCBEAFB,1,1
D251CC495A0E,2,4
D25C3B9925E3,2,0
D26C9B0368D0,4,4
D279FF9C83D7,4,1
D282E21C2DB1,2,3
D28927CB06B9,1,0
D2A667825CB4,0,0
D2D4AD42B2E1,0,3
D2F5E24CEEAA,4,3
D2FB5374A7A2,0,1
D30490AE8641,1,2
D30614F0911F,3,1
D30AC446FAC6,1,4
D31481D3B465,2,2
D326DB3F4FCF,4,2
D32804D6C269,0,3
D34054ADD2FB,3,1
D34487073C35,4,2
D34DFB9BF717,4,1
D376C98ABBDB,0,2
D377F569FE8D,2,3
D3C4B340AB3F,2,3
D3D2660F2D77,3,0
D3E0089B305C,4,0
D3F5104B809F,4,4
D40B940B5A4D,0,2
D43178C538DF,4,0
D4442F757F02,2,2
D44639122EAF,1,4
D45032FAE402,2,3
D4A3E7EC982E,4,2
D4BB02CCC116,2,4
D4BC716CE227,1,4
D4BFB840A534,3,0
D4CAF981DE04,4,4
D4D35DDC74EB,4,1
D4E3104E7591,4,1
D50B2015BE66,3,2
D52ADC09CF36,2,4
D545B7CB039D,2,0
D54B7CC9CDD4,4,0
D5667559AD62,0,0
D582384A4FE6,2,4
D584B293A28E,3,4
D594C2B7582D,0,1
D5A0A8C83A60,0,0
D5B5FD51EE53,0,0
D5BF9F290808,2,2
D5D1E85B3EC4,2,1
D5D31918A943,4,4
D5D689030CA2,4,4
D5F6593584F8,1,0
D5FDDB4DFA82,2,3
D60320508249,0,3
D67BA770AB5C,4,3
D67D59D24822,1,0
D67D723785A7,0,2
D68F66581BF1,4,0
D69416DBA6F4,1,3
D69B5E55F39D,3,2
D69D856DF697,3,2
D6A32ABCAB53,1,2
D6AAE9DC566D,4,3
D6B40BD81818,4,2
D6B7EE7B040D,1,3
D6CB8B37F0C0,0,2
D6D0E7AD9AC0,4,2
D6E7A5034205,2,3
D6E91124E3C1,1,0
D7247C1BB949,3,4
D7301CAAFAB0,4,1
D751FAE92161,0,0
D75B4D14CCAB,2,3
D786038182B6,3,4
D786FC589E93,2,0
D796242EFE4C,0,4
D7A4DB22C8EB,4,2
D7B12358DBA3,2,1
D7C33D289E26,4,4
D7CF42E7FD3B,1,4
D7F4D3366332,0,3
D8013F49DE51,1,4
D81428AC9545,0,2
D81FB980878F,2,3
D828BE60BE57,1,4
D82CB7B7EC22,0,1
D84271FC252A,1,2
D85690C1836A,3,2
D85B93C13556,4,1
D8708AEA9667,1,3
D8728E6AF814,4,3
D891B1BFC6F6,1,0
D8AFB0AE804B,3,3
D8C3DD3A74F1,0,2
D8D1FA118E4A,0,1
D8D90E042134,4,1
D8E67D87842A,1,0
D8EAAA9AB53B,3,0
D8ED809B7F92,1,3
D8F3209E84CF,0,1
D8F89BE1861C,1,0
D8FA1F4C6D5C,2,2
D91B2369C76D,1,2
D933F289955E,0,2
D93BADC352CF,2,2
D9436DDEB3C4,0,0
D962FD67FF4C,2,4
D972C6918584,3,3
D97A2C636D38,3,4
D9900BD19D55,0,2
D994B051E6A2,2,4
D99A8FDB17D8,4,3
D9A50E9D3E5A,1,3
D9A9EEDB9D0C,3,3
D9B24103EA38,3,4
D9B5F55E6705,2,2
D9B85CAE8834,4,3
D9BB6C11F6E3,4,0
DA0ADB14BDB5,4,4
DA0FBE6F11C9,1,2
DA228B928B61,4,3
DA277EEDBA0C,1,2
DA3D494E63E4,3,3
DA44340727CE,2,2
DA5E92093978,0,1
DA61159C1E26,0,2
DA6449D7D94A,4,3
DA8115F12B50,3,1
DA86BC9B9FB6,2,1
DA8C8A4E3A3E,0,0
DA9ABB175343,2,4
DAA0F90A5C8F,4,2
DAAE254A0B5C,1,2
DABEF78A3A24,2,4
DAC85E32DCED,2,3
DACF12F21A7C,0,4
DB0E754610DB,4,4
DB1B143B6EB1,2,2
DB20FBDA9A19,1,4
DB3351F815E2,0,4
DB4AA9C5B389,3,1
DB4B78DAADCB,3,1
DB58FD0171CD,3,1
DB9CAE4A0E72,0,4
DBACBF67A45C,4,4
DBB077A0818A,2,1
DBBF3EF47E93,3,0
DBC53691CD0A,3,0
DBCC1F8F92B5,1,1
DBE4FF1CA803,4,4
DC02852088A0,2,1
DC1DA01985EF,4,3
DC2EE6A2F024,4,1
DC364EC72968,3,0
DC4E11A259D8,0,2
DC5BBE514ECE,1,0
DC5BDFA3BFD6,2,1
DC67C20F18B4,3,4
DC83F2FC879B,1,2
DC9023374572,1,3
DC93D8BDE631,4,3
DCABFA6AD5AE,1,3
DCC03D6E1A60,1,4
DCC759FDB81B,0,3
DCDE1C43C218,4,4
DCDE7152B94E,0,4
DD1D41CC5388,0,3
DD2345CB8055,0,4
DD3F7252F887,4,4
DD474E5804C0,4,3
DD586A625C89,4,2
DD8649A7235B,3,2
DDA2A181F486,1,4
DDB424217004,1,3
DDB51D1B4A5F,3,0
DDBE5B47593D,2,2
DDCF594E44D1,1,2
DDF611F84032,2,2
DE01C3FDCA0A,1,2
DE05DCB75D79,4,4
DE20C186116A,1,1
DE2A70D1284E,3,3
DE2BFF400952,3,1
DE2E4AFB2721,1,1
DE68828CC67E,2,3
DE6E0F8EAA59,0,4
DE78893DB845,0,4
DE7F02980A1D,4,0
DE842CB71C02,3,4
DEA664963CD1,3,3
DEB6EF459B10,3,2
DECAE402BB38,0,2
DECDC46197E4,4,4
DEDCFAD56126,0,3
DEEAFEA856D5,1,3
DEFEAAC01F83,3,3
DF082C5AC45E,0,1
DF1287CDBCF6,1,0
DF4E1B5910B6,3,1
DF4EFA9A98D7,3,2
DF74CC717BFF,0,3
DF76BBCD85B1,2,3
DF7D4CA4A89E,1,0
DF890FC7D48F,1,1
DF9580284892,2,2
DFB074E89515,4,0
DFB9E05148CD,0,0
DFC04AA3DC98,0,1
DFD135E81E40,4,2
DFD1805B8F93,0,2
DFF14B9DA264,4,2
E018497ED277,2,3
E0243DB9F8D2,1,3
E04E83CEF5DA,4,2
E05ACF2DFCB8,0,0
E068A1BBFE50,1,2
E06960D4A6C1,2,0
E0737CDC1E99,2,0
E079C8DE0D1E,2,3
E09064F496DF,0,1
E09853233CCF,0,4
E09942089364,1,2
E0A3FC64B7D3,2,2
E0B1630FB93C,0,0
E0C57C8B7FFA,1,4
E0CD80A39381,4,4
E0CF4993483B,2,0
E0ED571AED2A,1,2
E0FAD617D3BF,3,2
E10D5E79B0A0,0,0
E12450BAE343,4,1
E125061E7C8A,4,2
E129081F8EB2,0,4
E14206F97D20,4,4
E1464913F4ED,2,4
E151FC867457,4,1
E1571FAF496E,3,3
E157A46F6620,3,1
E1BAC2DFC0BA,2,0
E1BFD7E344FA,1,3
E1C5F6D592F4,4,1
E20123532A69,2,4
E21AE194E6C7,1,3
E22134365CE5,2,1
E22833B1E06E,2,0
E22EDA0278ED,4,2
E23D057A2674,1,1
E243F4B2D0FA,1,1
E24F801F1C4A,1,4
E264A3F27D5C,2,1
E2669D67879F,2,1
E27F2BAC8CD9,0,1
E286AD066204,4,4
E28D7D67A8F7,2,0
E2A07EFFFA7E,3,2
E2A9D1243AF9,0,0
E2B2ABB01662,3,2
E2BB0AA98EA5,0,2
E2BCA7B63A7E,3,3
E2F8D4DEB501,4,2
E310FB5D4752,4,1
E313B4A45475,0,3
E313EE03F35F,4,4
E3349F640D64,1,4
E33ACC2CE4A9,4,3
E34D011F7B98,2,0
E36560297AD9,0,0
E37D480CD473,2,2
E383A10B9A09,2,2
E386654E285D,3,2
E39559BF14F2,2,3
E397850CD3D2,0,3
E3A519D05CE5,3,4
E3A689BDA786,1,0
E3E50332E6FD,3,0
E3E96A297604,1,1
E3EC600A1754,3,3
E4124ED1046C,0,4
E420A3813AE5,4,1
E450F87DBD79,1,1
E4559E81E304,4,4
E459422C794C,2,0
E4630B623165,1,2
E47590B3F2CF,0,4
E481765F7DDF,0,2
E4824CBFEEBD,1,1
E48B9182B257,1,3
E49A2A338F6F,2,0
E49CCE901992,1,0
E4CE3E508B44,1,4
E4DA68D2918E,0,4
E4DC7BF5147E,3,1
E4DEDB16A59E,0,0
E4EC09FBBC69,3,4
E4FACBE9AC22,4,3
E4FC29A88EDD,1,4
E504081AA343,3,2
E51103E36330,3,4
E51722919697,0,2
E53B5654C0E2,1,2
E56E7793EBF4,0,1
E570BB4A5B5B,0,4
E57528C2CF2E,3,4
E5856BB0C34A,2,2
E589B660EDA4,3,4
E595E218D423,4,0
E5B076EB95A7,4,0
E5B1751B2798,2,3
E5C0A11D06E2,4,4
E5EA551C69CF,4,0
E5F47974A6EF,1,2
E5F4C8EB99A4,2,4
E60257F8B334,0,1
E604DD820759,0,1
E609C36EC225,1,4
E60A91172B20,4,4
E60EB5C35194,1,3
E61D1C3EC9DD,0,1
E627C066A0F1,2,4
E63689D747FA,1,4
E64E850E6E71,3,1
E66C66D98801,4,0
E67A118F9AFA,2,3
E686584E5508,2,3
E6B9DA32FE13,3,1
E6F8E5374615,2,1
E6FDA0489273,4,3
E7111F690B98,3,2
E71135F11EE0,2,4
E721598E54AB,3,4
E726C5DDAD9F,0,4
E73329DA93D6,1,1
E740029E13D1,1,2
E743F9AC8BBE,4,0
E74E4865B395,0,1
E76B78A22B99,1,1
E7A3DBC919C1,0,3
E7C5E12F4E84,4,4
E7DFEA5C3B73,2,0
E7E7F9BA0F30,2,3
E7F9A77683D2,4,2
E8150D07AA28,1,0
E81B29CC415E,4,4
E85C45D90D1D,0,2
E862C9EC5EC5,0,4
E87BDAB97148,0,0
E88DDA2FB4EA,2,4
E899EF61626A,2,2
E8BDF53BAAA4,3,0
E8C1C58F8A0A,1,1
E8CA56DE95A2,4,3
E8D0E2444ADD,0,2
E8DD7458130E,3,3
E8FF0D2483FE,4,0
E9026A3D93B7,0,1
E9141ABADBD4,4,4
E9179F8981D6,3,1
E91C501B7AFA,3,0
E9363204BCEF,2,3
E949DAF7C54B,1,3
E9739967700C,4,4
E974D272C14E,4,1
E97670F90297,0,1
E978E759F26B,2,2
E97A5C116E30,0,0
E9826DEAFF5F,1,3
E98407C4200B,4,2
E98F49492C8B,2,2
E9938C48F7AB,3,2
E9A2061A9A1D,2,0
E9BB013E0F33,0,0
E9C3211DC772,0,1
E9D72176CA9A,1,2
E9E9AEC9100C,4,1
EA1D34C41DE6,2,4
EA234C38C696,3,3
EA238A2AE63A,1,0
EA2BAEFCE4F2,2,1
EA3B8E4F74DB,2,0
EA426FFE25E5,1,1
EA441360E42C,3,0
EA58637960FB,2,2
EA5BFD706570,4,2
EA9FCAE3C575,2,3
EAC3596461E7,4,3
EAD3F5B3AE77,3,4
EAE3A1E3B396,4,1
EAE4C1EE9FB9,0,2
EAED55A47DC5,4,4
EAF6BCA737BD,0,1
EB10F93974CA,2,0
EB16CD7EC3E6,1,4
EB3398FD0FF5,2,1
EB382D12574F,2,0
EB3D0704BCF0,0,2
EB3EBF4BB344,3,4
EB5021B098DD,0,0
EB763115B6CD,2,2
EB793B72A8C4,3,3
EB7944FDAF63,3,3
EB8B27A81300,3,4
EB935594E696,2,0
EB9D8FFB4F45,0,4
EBA557BABACB,1,3
EBBA36F7459C,3,0
EBBA6790B73B,1,0
EBD070DAE867,2,1
EBD36D034DAC,3,1
EBDFD68450A0,0,3
EBF9131A638F,2,3
EC12EE97A834,1,3
EC145DC83EBE,2,4
EC1D25B7A42E,0,4
EC1DD5C739B9,0,0
EC36E0BE58D8,1,2
EC3DD758D9F0,2,4
EC3DE6D436F2,0,4
EC729FFD9332,1,4
EC7C81E59E9E,0,2
EC8FCCDB698A,0,0
ECD640058D57,4,0
ECE0D33B9B85,3,0
ECF63F6AB48E,1,1
ECF6C77511E0,2,0
ECF8296772E9,2,2
ECFAD2825EC6,4,0
ECFCAAECAD31,3,4
ECFF63C8CC8C,3,3
ED164A18D77F,2,0
ED1EFE97C40F,0,0
ED321E901AC7,2,3
ED42630A9FFF,2,4
ED62619C520F,0,1
ED6B6A38F98D,2,4
ED7F7B6E4C8E,1,0
ED8C3FA6FC82,1,2
ED8EE1F02203,2,1
EDACE717C302,1,3
EDC00F1B2823,4,3
EDD12BA31EE3,2,3
EDDFFD34DBD4,4,0
EDE56797770A,1,0
EDEB83CB57BB,4,4
EDF7F5BCBD05,3,4
EDFF7735A6F7,2,1
EE0229233F51,3,3
EE0947EB2C78,2,0
EE2FC4219F49,2,0
EE377D38C330,2,3
EE6CE96959D4,4,1
EE6DDAF8FD20,3,2
EE71095197E1,3,0
EEBA14D4C42B,4,3
EEC492D89CEB,0,2
EEC4B41664DF,1,3
EEC9540E73FD,1,1
EED4EEF4523A,1,3
EED67869F816,0,3
EF08234FA6BE,1,3
EF0D75BF48DA,3,3
EF70A0E7826B,4,3
EF7631952FB3,0,4
EF835E27D5A3,0,2
EF9A07AA611F,4,4
EF9E9C4E5D1E,4,3
EFA46BC5A89A,0,0
EFA89B6E6F9A,0,0
EFB450A2F170,2,3
EFC2879F0C83,1,2
EFCA46E0BF9F,1,3
EFD99673780E,4,0
F00B4D036D97,2,0
F00FF00D5C8F,0,3
F038426B8B5A,2,1
F038AB4D788D,1,0
F03E03FE5D3C,3,3
F065FD9F8D5F,2,4
F068FD4A28D5,2,3
F0740AF01F22,4,1
F074E15D7250,0,3
F0949D854B5F,2,4
F09F6824032D,3,2
F0AA6B265B6F,1,1
F0E863BDEB82,1,4
F0F0CD67E436,3,0
F10231811C61,0,4
F15EC33EC261,0,0
F15FFBB0E896,2,4
F163B4249C07,2,4
F17A4EF296EB,0,0
F186ACA75002,3,4
F18B05581BAA,1,0
F19978B8C2A7,2,2
F19F66A28B7E,0,3
F1A0D1F81017,3,0
F1A43B355944,4,2
F1AFDB5CEB25,3,4
F1B4E351225D,1,1
F1C996710DA7,2,1
F1C9FEFF073B,1,1
F1CE49620429,4,3
F1EEA3FC1490,3,3
F20C7101F09D,3,3
F240F0F6861E,0,1
F245631F4D97,4,3
F25BA634ADDD,1,4
F27691AEE065,2,3
F27957F2AC4B,1,0
F280DC36C974,0,1
F283261888C7,4,2
F296C5CF54D7,0,3
F2A3BE5019F0,1,1
F2A79A33B020,0,4
F2AE26666823,2,2
F2B0AA10A7C9,3,4
F2B86853339B,2,3
F2C57EEEF02C,2,1
F2D723344069,4,1
F2D89425BF9C,0,3
F2FA6B69F481,0,1
F2FB7E31855B,3,3
F309843EDF56,0,4
F30B7DE35BBC,1,1
F324DBEBCAFA,4,0
F32A0A41B697,2,3
F3310A0DE614,1,0
F33EB52BBB43,0,2
F3454E01E31C,1,2
F34BB022A303,1,3
F34DD475F104,4,2
F3580A6BAFA8,3,4
F359E262A14A,2,0
F36CC3998B8C,4,3
F36E4C217F66,4,0
F3928951775C,0,2
F3A197A8348C,2,4
F3A980C4613A,2,2
F3C003AF7423,3,2
F3D1C6C6C574,3,2
F3E8A109AE05,1,3
F42FF5B7D208,3,1
F43B82E81D75,2,1
F44018D39BEF,4,0
F452B9456B45,4,0
F456754DA472,3,0
F45F03EBB2CA,4,4
F47252812301,2,0
F486B5722EEB,3,0
F494E7D49939,0,3
F49FF10DA5C2,4,2
F4A3A95F16D8,0,1
F4A3B4B14952,4,2
F4A576AD01D8,1,4
F4DB6C7A51BA,0,3
F503C7DC334F,0,1
F50D3D001E67,2,2
F52B9A0882BB,0,0
F53C55BBD326,3,1
F54BD89B665A,0,3
F55EF5BB5CB9,0,4
F562A7ADF5CD,3,0
F574FF3D3C6A,3,4
F57B42D73FEA,0,2
F57F48291B12,2,2
F5D927221FB8,3,0
F5EE08CB44B9,1,2
F5EFE72B5E63,3,1
F5FA868674D9,3,1
F601382A47E1,2,3
F62295251C0D,0,4
F634BC92DC39,1,4
F63F47E95B90,4,3
F64457891D40,1,0
F647D77D7396,3,4
F66EAF7D640D,2,4
F680F4460788,1,3
F68A995107BE,0,2
F699067454F2,2,2
F69CFE5AEDCA,0,2
F6A15556865B,0,2
F6A2AEEBDF0D,0,1
F6A92E43251E,2,2
F6CA5589DCDA,1,2
F6CFA4C7247B,2,3
F6DA09C9C0C1,2,1
F6E5F858A19A,1,0
F6F4D85648D6,2,3
F6F60CA6E983,1,3
F7115AFBA798,4,4
F7137F027A05,0,2
F71A1E42E4B5,1,4
F73047E4DC36,0,2
F73601F409A5,0,0
F737FB396F2E,3,1
F739195A9518,1,2
F73ADEA6A74B,3,0
F744ABAAC3FB,3,2
F74C46C14E72,2,1
F7561C027920,4,3
F76B24B4AB78,1,2
F77057DAD75B,2,3
F772E0A3152A,0,4
F776F9881474,3,0
F7D1D884AAD4,0,0
F7E8813101B4,2,4
F7F9373BAEA4,1,3
F7F9EB5D0F2D,0,3
F84A7FCFEF76,4,3
F84CB4D0589A,3,2
F86616365497,3,1
F86C71E10A78,1,4
F86F94DCEB33,2,3
F8706CB01394,2,4
F880CDD90C95,2,4
F881AA0F9990,3,1
F888B0ABFB36,3,0
F8A06DB4A5CE,0,3
F8C22ACD1774,3,4
F8FB4470A52F,4,1
F908A9D980F5,3,4
F91D7BB4277C,2,2
F9238D9E5631,2,1
F92664C55FBB,4,2
F9368F6BAB62,4,2
F93D06BC99D8,2,3
F9448F4CD1E8,4,2
F955CADBB6B4,2,2
F955CE7D650C,0,2
F97EF0C23821,4,3
F986BF53A8AD,1,0
F986C612AC3A,2,3
F988DE4C8A4F,2,4
F98E8D4EA700,3,3
F9B111EB508A,2,3
F9E6665D7693,2,4
F9FFECDE9A53,1,1
FA03BD616C6B,3,0
FA130E0C813E,3,3
FA15A1E3BF2C,2,3
FA1CE35CA43F,2,1
FA20F1758F03,3,3
FA2BC6C3A09B,4,3
FA35444BD9C6,1,4
FA38B62F80E5,3,4
FA3E37900E3D,4,0
FA49F4D9E6A8,4,1
FA4FE7706A1A,0,3
FA591109B448,2,2
FA62EE04FAFA,0,3
FA87416EF173,0,2
FAA638E881EB,3,3
FAA9FC1B315B,3,4
FABE0E966789,3,4
FACC34F1875E,3,2
FACF20D0D847,3,0
FAF658D1034B,3,4
FAF91DDF582C,0,3
FAF9437BCC50,1,4
FAFDA54C78E1,0,0
FB05272DAD57,0,3
FB07A07B9082,4,1
FB1553163CF5,0,1
FB1DB922DE1B,1,2
FB2ED8D952A6,2,0
FB528A6DAF0C,3,3
FB56AA75F65F,0,0
FB6A513EBFC6,4,4
FB6C139752AA,1,1
FB7DB9D91933,2,1
FB8C67F0AC92,3,1
FB8F29B936CE,3,3
FBABC3FB451D,4,2
FBB861DBF984,4,2
FBC7DC3C27C0,4,3
FBC98CE96EB2,0,3
FBD21BB50633,0,1
FBDEE9B13087,3,0
FBE13E9A446C,1,4
FBE4AAD08E49,2,2
FC1196671EE9,3,2
FC1E77760D5F,1,3
FC27ECB471A4,3,1
FC39D2688C50,4,2
FC44783E32EE,0,1
FC481B7DC611,4,4
FC5C7E89577A,4,1
FC79A84D783B,2,4
FC7A3692794B,4,3
FC9BC150809F,4,1
FCA226021172,3,3
FCB208A4710C,4,4
FCBD4BC9112B,4,4
FCD5E2EA7372,3,1
FCF5D3ED5218,2,3
FCF6588BC52B,3,4
FD05FDCEA11B,3,4
FD0C32EA0E5B,2,2
FD1C07651D9A,4,1
FD562A12092E,3,2
FD5F79937C4E,1,3
FD8A9514C8BC,3,2
FD8FFDC82D48,4,0
FD97228DE00F,3,2
FD9CC83A98C5,4,3
FDE359A2F973,4,4
FDF0AEEB14C3,2,0
FE018F15F8A4,3,4
FE21B0B76C9C,4,4
FE3141FA4163,3,4
FE3CA06DDCA1,0,2
FE4703854EB4,4,0
FE47325AD93F,2,2
FE477BD61B22,4,0
FE9AB60822CA,4,0
FEA33BCE1FB3,3,1
FEE1811CCE57,3,4
FEF2CAFB3483,3,3
FEF2E1612F55,4,2
FEF42864AE28,2,4
FEFB6689114B,4,2
FF01B32BAC3E,2,0
FF07E6BF0858,0,1
FF11B4681D78,3,3
FF35257B6394,1,2
FF4A215D86BF,0,4
FF5FC173E506,3,0
FF6086271D2B,1,1
FF7164909305,4,1
FF7AFA7FF8B6,3,0
FF8BAC351714,1,4
FF9684AB0131,1,3
FF9E0379CD98,4,1
FF9E159AEEF0,4,2
FFA381E58FC6,0,4
FFC43F453EF6,2,4
FFD97A99CEBA,3,3
FFF868E06176,1,0
FFFF80B8CC2F,4,4
